date,Open,High,Low,PREV_CLOSE,LTP,Close,VWAP,52W_H,52W_L,VOLUME ,VALUE,Trades
3-1-22,2220.2,2259.55,2214.15,2215.75,2245.9,2251.35,2237.14,2589,1584.2,335699,751004613.45,11932
4-1-22,2258,2264.8,2216.5,2251.35,2224,2224.3,2231.22,2589,1584.2,363436,810905016.85,14498
5-1-22,2225,2246,2220.1,2224.3,2245,2241.3,2236.52,2589,1584.2,372959,834131219.25,15668
6-1-22,2230,2263.8,2202,2241.3,2229,2227.3,2237.76,2589,1584.2,470965,1053904645.25,25913
7-1-22,2234,2303.8,2232.05,2227.3,2290,2284.6,2276.31,2589,1584.2,573885,1306337481.45,29246
10-1-22,2297.15,2325,2278.55,2284.6,2323.5,2320.15,2304.66,2589,1584.2,358989,827348897.65,22976
11-1-22,2327,2344.55,2286.3,2320.15,2297,2297.6,2312.38,2589,1584.2,289218,668780573.5,20920
12-1-22,2310,2328.8,2273,2297.6,2317,2314.8,2306.25,2589,1584.2,380195,876823099.2,23864
13-1-22,2323,2325.45,2298.1,2314.8,2315.95,2314.15,2309.06,2589,1584.2,221162,510676383.95,18565
14-1-22,2319.9,2374,2304.75,2314.15,2353.05,2358.1,2355.03,2589,1584.2,676328,1592774618.9,40268
17-1-22,2364,2391,2301,2358.1,2374.8,2378.65,2348.59,2589,1584.2,490475,1151923214.85,30858
18-1-22,2391,2392.9,2240.35,2378.65,2249,2253.25,2298.61,2589,1584.2,691178,1588750237.7,51036
19-1-22,2261,2262.8,2219.2,2253.25,2237,2231.8,2234.61,2589,1584.2,372235,831800844.3,25659
20-1-22,2230,2285.25,2230,2231.8,2253.7,2254,2252.32,2589,1584.2,322553,726492012.8,22960
21-1-22,2240,2255.9,2196,2254,2221.65,2215.75,2231.66,2589,1584.2,238038,531220775.35,21215
24-1-22,2210,2219.65,2148.35,2215.75,2166,2167.45,2177.74,2589,1584.2,467114,1017250785.3,34602
25-1-22,2160.1,2192.6,2120.05,2167.45,2170.5,2179.95,2169.33,2589,1584.2,262179,568753943,22169
27-1-22,2156,2179,2127.65,2179.95,2171.05,2167.7,2157.94,2589,1584.2,298193,643481403.5,18014
28-1-22,2179.9,2238.55,2173.85,2167.7,2214.75,2215.95,2220.23,2589,1584.2,272371,604727562.05,21912
31-1-22,2230.4,2292.7,2227,2215.95,2280.9,2285.75,2273.18,2589,1584.2,428789,974713526.7,19066
1-2-22,2300.05,2355,2272.7,2285.75,2337.05,2332.55,2317.55,2589,1584.2,491690,1139515002.2,29691
2-2-22,2348.75,2350.05,2300,2332.55,2309,2306.55,2318.32,2589,1584.2,274847,637182150.5,17543
3-2-22,2308.9,2328,2286.25,2306.55,2293.15,2293.6,2303.04,2589,1584.2,253714,584312258.8,13054
4-2-22,2298.2,2322.45,2270,2293.6,2275,2274.75,2291.04,2589,1584.2,184813,423413828.95,16556
7-2-22,2282.7,2292.75,2239.25,2274.75,2279.85,2282.2,2270.05,2589,1686.05,201382,457147252,13911
8-2-22,2286,2310,2262.2,2282.2,2307,2304.75,2287.25,2589,1686.05,608392,1391544095.45,25086
9-2-22,2317.3,2338.8,2290.2,2304.75,2320,2310.3,2313.76,2589,1686.05,367725,850825745.6,19685
10-2-22,2280,2324.8,2265,2310.3,2298,2303.55,2302.25,2589,1686.05,876424,2017750851.85,47079
11-2-22,2290,2297,2240,2303.55,2245.3,2249.35,2265.86,2589,1686.05,359096,813661973.9,27438
14-2-22,2217.8,2220.15,2145,2249.35,2150.8,2153.9,2180.22,2589,1686.05,279841,610114593.15,20528
15-2-22,2156.5,2240,2156.5,2153.9,2236.5,2234.3,2195.69,2589,1686.05,259988,570852426.8,18337
16-2-22,2250,2266.25,2215.4,2234.3,2240,2239.4,2240.09,2589,1686.05,218682,489867611.05,14997
17-2-22,2240.4,2267.55,2215.75,2239.4,2231.05,2226.85,2234.69,2589,1686.05,218668,488655156.15,16693
18-2-22,2208.75,2220,2172,2226.85,2184.7,2181.15,2186.27,2589,1686.05,295149,645274796.55,14390
21-2-22,2178.7,2205.25,2151,2181.15,2182,2184.9,2186.8,2589,1686.05,291112,636604559.9,25810
22-2-22,2154.9,2180.8,2100.1,2184.9,2153.8,2165.4,2156.17,2589,1686.05,323721,697998656.65,27112
23-2-22,2169.05,2197,2143.7,2165.4,2148.2,2151.3,2165.68,2589,1686.05,376034,814369193.25,37479
24-2-22,2085.1,2120.65,2002,2151.3,2011,2014,2066.1,2589,1686.05,474202,979747864.3,42192
25-2-22,2045,2084.45,2030,2014,2067.7,2059.55,2061.38,2589,1686.05,286586,590762238.6,18856
28-2-22,2044,2095,2020.35,2059.55,2095,2089.15,2064.71,2589,1692,349612,721848784.4,23603
2-3-22,2073.8,2099.95,2043,2089.15,2057.45,2067.75,2067.28,2589,1692,494931,1023158888.45,31949
3-3-22,2088,2092.7,1950,2067.75,1963,1956,2009.1,2589,1692,728165,1462952709.75,41045
4-3-22,1940,2020,1926.2,1956,2004.75,2010.55,1966.47,2589,1692,801645,1576409061.75,45137
7-3-22,1972,1978,1900,2010.55,1947,1950.15,1939.15,2589,1692,536549,1040450490.2,32878
8-3-22,1940,1968.95,1902,1950.15,1964,1962.1,1940.55,2589,1692,330394,641144881.5,22564
9-3-22,1976,2015.9,1956.65,1962.1,2000,2000.85,1985.06,2589,1692,419651,833031737.55,23817
10-3-22,2050,2073.95,2001,2000.85,2046,2047.6,2047.33,2589,1692,315957,646869422.85,20003
11-3-22,2044.5,2061.85,2016,2047.6,2038.4,2041.9,2036.4,2589,1692,372130,757803999.35,21127
14-3-22,2054,2065,2025,2041.9,2059.75,2058.05,2048.87,2589,1692,184932,378901266.55,11615
15-3-22,2070,2109.7,2043.7,2058.05,2060.8,2060.35,2077.11,2589,1692,358798,745264453.6,23276
16-3-22,2088.35,2132.35,2066.5,2060.35,2127,2129.15,2104.82,2589,1692,395803,833093827.5,18771
17-3-22,2166,2166,2118,2129.15,2123.1,2122.65,2136.68,2589,1692,820627,1753415998.45,33007
21-3-22,2101,2141.75,2046.65,2122.65,2056.95,2055.75,2074.19,2589,1751.2,1043891,2165224743.9,32039
22-3-22,2054.95,2074.7,2025,2055.75,2062.45,2058.3,2048.8,2589,1751.2,452916,927933375.15,31723
23-3-22,2064.1,2086,2050,2058.3,2063.5,2069.75,2066.1,2589,1751.2,232620,480615332.45,15847
24-3-22,2050.15,2092.95,2050.15,2069.75,2080,2080.4,2079.32,2589,1751.2,294252,611843216.2,19226
25-3-22,2085,2090.9,2049.05,2080.4,2068,2064.2,2067.96,2589,1751.2,278510,575946538.8,16312
28-3-22,2081.35,2081.35,2039.05,2064.2,2061.95,2059.65,2055.51,2589,1782.25,231188,475208287.45,20954
29-3-22,2073,2135.3,2070.25,2059.65,2129,2128.55,2115.87,2589,1782.25,725118,1534258512.95,41912
30-3-22,2140,2172.7,2136,2128.55,2140.1,2150.9,2153.2,2589,1782.25,702919,1513522129,34079
31-3-22,2154.8,2170.3,2143.25,2150.9,2152.5,2151.35,2153.43,2589,1782.25,464111,999430691.65,26991
1-4-22,2148,2160,2128.35,2151.35,2150,2151,2144.96,2589,1782.25,838234,1797982460.2,28224
4-4-22,2110,2133,2102.05,2151,2122.7,2119.45,2117.37,2589,1782.25,655757,1388479215.6,26758
5-4-22,2134.8,2158,2112,2119.45,2146,2149.65,2141.03,2589,1782.25,615501,1317804173.65,20440
6-4-22,2149.65,2199,2124.6,2149.65,2142,2145.5,2165.07,2589,1782.25,1082516,2343728096.45,49556
7-4-22,2148,2180,2129.05,2145.5,2140,2136.7,2155.18,2589,1782.25,420470,906188259.55,25825
8-4-22,2148,2181,2128.55,2136.7,2172,2170.55,2151.68,2589,1782.25,861328,1853304776.45,31695
11-4-22,2175,2284.6,2163.65,2170.55,2236.7,2232.9,2231.05,2589,1782.25,1935494,4318177093.85,83006
12-4-22,2232.9,2233,2169.9,2232.9,2173,2181.4,2200.87,2589,1782.25,625499,1376641475.4,37065
13-4-22,2188,2244.65,2163.55,2181.4,2205.05,2208.65,2202.89,2589,1782.25,753209,1659234513.35,33824
18-4-22,2200,2248.9,2147.65,2208.65,2160.3,2155.2,2177.2,2589,1782.25,442194,962745996.55,30966
19-4-22,2158.1,2174.6,2023.55,2155.2,2040,2056.5,2110.2,2589,1782.25,824740,1740365324.35,47673
20-4-22,2075,2221.75,2065.65,2056.5,2208,2208.25,2168.12,2589,1782.25,3687080,7994026534.5,139581
21-4-22,2218.25,2275,2205.25,2208.25,2270,2270.1,2241.89,2589,1782.25,1491272,3343269333.5,76669
22-4-22,2250.1,2283,2237.2,2270.1,2260,2263.25,2263.16,2589,1782.25,558880,1264837492.25,31220
25-4-22,2252,2319.5,2240,2263.25,2268.9,2262.05,2283.87,2589,1817.25,1075394,2456054730.3,56550
26-4-22,2291.5,2337.95,2268,2262.05,2310,2311.35,2298.02,2589,1817.25,733155,1684804208.8,40713
27-4-22,2306.2,2361.75,2263.05,2311.35,2343.95,2349.9,2329.12,2589,1817.25,1043493,2430416737.2,45896
28-4-22,2383,2387.15,2314.05,2349.9,2371.35,2376.75,2358.11,2589,1817.25,995576,2347681943.05,92316
29-4-22,2376.75,2397,2321.45,2376.75,2334.85,2328.9,2359.35,2589,1817.25,784968,1852012448,33472
2-5-22,2314,2358.3,2309.7,2328.9,2349.9,2347.2,2339.1,2589,1853.2,490846,1148139644.1,35603
4-5-22,2350,2363.35,2273.5,2347.2,2306,2300.1,2321.76,2589,1853.2,451428,1048105553.95,32330
5-5-22,2325,2332.2,2269.85,2300.1,2280,2277.85,2300.8,2589,1853.2,395262,909419046.3,23229
6-5-22,2249,2274.9,2232.35,2277.85,2243.05,2245.45,2248.63,2589,1853.2,571407,1284882002.2,25646
9-5-22,2221,2255,2201.5,2245.45,2232,2232.9,2223.85,2589,1854,323573,719577652,23161
10-5-22,2235.1,2249.4,2185,2232.9,2185.1,2198.55,2218.9,2589,1854,365873,811834281.55,27091
11-5-22,2203,2217.45,2135.3,2198.55,2172,2167.65,2179.93,2589,1854,546421,1191158604.15,29761
12-5-22,2159.95,2209.8,2101.25,2167.65,2180.05,2177.4,2138.73,2589,1854,348099,744488233.75,22300
13-5-22,2195,2196.7,2099.05,2177.4,2102.15,2113.3,2146.04,2589,1854,431751,926554435.65,32976
16-5-22,2140,2287.7,2140,2113.3,2192.5,2196.2,2225.19,2589,1867.4,3304245,7352565518.45,181808
17-5-22,2220,2255,2182.55,2196.2,2225,2225.85,2219.77,2589,1867.4,1060771,2354672863.35,63830
18-5-22,2249,2252,2218.2,2225.85,2239.75,2236.65,2232.21,2589,1867.4,851138,1899917868.85,36788
19-5-22,2198.2,2255,2192.75,2236.65,2226.25,2231,2236.28,2589,1867.4,600776,1343506136.9,29297
20-5-22,2250.9,2274.4,2234.55,2231,2237.9,2239.4,2258.88,2589,1867.4,514340,1161834859.85,29928
23-5-22,2260,2265.75,2208.15,2239.4,2210.3,2213.4,2235.16,2589,1900,345694,772680425.75,24113
24-5-22,2213,2236.45,2199.05,2213.4,2205,2210.95,2216.46,2589,1900,267961,593925928.25,16712
25-5-22,2217,2224.65,2182.5,2210.95,2190,2186.1,2200.03,2589,1900,236264,519788194.8,17435
26-5-22,2194.9,2214,2165,2186.1,2203.25,2208,2191.93,2589,1900,309697,678833949.3,16343
27-5-22,2218.95,2218.95,2190.45,2208,2196.9,2198.05,2202.18,2589,1900,215682,474970516.75,9554
30-5-22,2208,2217.35,2196.15,2198.05,2208,2208.35,2206.83,2589,1900,625645,1380693869.75,26581
31-5-22,2214.9,2230,2190.35,2208.35,2200,2198.4,2206.38,2589,1900,590767,1303454391.2,29334
1-6-22,2205.9,2214.8,2182.5,2198.4,2197,2195.85,2201.93,2589,1900,394675,869047193.4,19599
2-6-22,2190,2211.65,2186.05,2195.85,2198.25,2198.75,2199.53,2589,1900,195697,430441289.3,14727
3-6-22,2205.5,2216.85,2122.2,2198.75,2145.2,2133.1,2145.19,2589,1900,715122,1534070445.05,29866
6-6-22,2144.9,2167.5,2130.55,2133.1,2139,2138.25,2146.03,2589,1900,374121,802874228.15,21914
7-6-22,2133,2148.9,2088,2138.25,2137.95,2138.35,2113.59,2589,1900,1062704,2246123479.7,29805
8-6-22,2145,2148.25,2113.6,2138.35,2135,2135.5,2132.65,2589,1900,490375,1045799453.25,44467
9-6-22,2130.5,2150,2122.7,2135.5,2137.7,2138.1,2140.01,2589,1900,335166,717258090,22134
10-6-22,2134.55,2153.95,2112,2138.1,2134.75,2135.4,2137.65,2589,1900,283855,606781402.45,17896
13-6-22,2117,2129,2098.7,2135.4,2116,2121.25,2115.71,2589,1900,231725,490262800.75,12983
14-6-22,2112.15,2130,2101.95,2121.25,2107,2116.1,2113.91,2589,1900,302507,639473453.1,14745
15-6-22,2120,2131,2112.1,2116.1,2120,2122.65,2121.71,2589,1900,205602,436227554.1,12777
16-6-22,2135.4,2139.9,2079.65,2122.65,2082.8,2084.25,2101.24,2589,1900,253721,533129910.9,12168
17-6-22,2075.6,2108.3,2047.1,2084.25,2055,2055.1,2068.4,2589,1900,492761,1019226621.55,18659
20-6-22,2055,2085.55,2047.15,2055.1,2063.95,2060.4,2066.56,2589,1900,446187,922070645.5,15845
21-6-22,2067,2090.05,2058.05,2060.4,2085,2086.25,2073.37,2589,1900,290807,602949265.25,11507
22-6-22,2085,2085.9,2053.95,2086.25,2063.6,2062.3,2068.74,2589,1900,403380,834489783.3,20146
23-6-22,2062.1,2097.85,2062.1,2062.3,2095,2090.4,2083.18,2589,1900,149241,310895823.5,12707
24-6-22,2100,2116.2,2090.65,2090.4,2099.15,2098.2,2100.72,2589,1900,236889,497638174.8,16620
27-6-22,2114.95,2128.2,2103,2098.2,2110.7,2115.85,2116.19,2589,1900,235386,498121150.85,16596
28-6-22,2111.15,2134.2,2102.8,2115.85,2130.65,2128,2122.78,2589,1900,137952,292841962.95,9601
29-6-22,2118,2160,2118,2128,2146.4,2155.25,2144.73,2589,1900,548808,1177045923.2,35884
30-6-22,2151.95,2156,2118,2155.25,2125,2121.95,2128.71,2589,1900,307330,654216211.35,15359
1-7-22,2122.95,2174,2122.95,2121.95,2171.7,2167.1,2155.75,2589,1900,284645,613622473.15,17683
4-7-22,2170.9,2186.9,2154.1,2167.1,2156.3,2164.6,2168.11,2589,1900,169527,367552357.85,8570
5-7-22,2156,2178.8,2144.05,2164.6,2146.5,2148.05,2162.14,2589,1900,163386,353262627.15,8835
6-7-22,2148.05,2179.9,2148,2148.05,2179.8,2174.35,2168.67,2589,1900,123949,268805027.15,10080
7-7-22,2188,2188,2157.3,2174.35,2170,2168.35,2170.67,2589,1900,89864,195064722.45,7526
8-7-22,2175,2201.1,2159.85,2168.35,2162.7,2169.35,2177.99,2589,1900,240521,523852086.15,13610
11-7-22,2164.4,2191.8,2136.9,2169.35,2183.95,2184.3,2169.7,2589,1900,282881,613767810.35,16697
12-7-22,2181,2182.6,2156,2184.3,2168.45,2167.25,2165.99,2589,1900,261604,566632099.15,12580
13-7-22,2177,2186.9,2164,2167.25,2176.5,2173.55,2173.99,2589,1900,218371,474735959.45,8017
14-7-22,2178,2191.15,2148,2173.55,2152.05,2160.3,2160.84,2589,1900,245807,531148905.15,19912
15-7-22,2132.05,2159,2111,2160.3,2142,2140.35,2135.13,2589,1900,1004798,2145375091.35,49058
18-7-22,2160.95,2179.9,2152,2140.35,2172.05,2174,2169.64,2589,1900,296459,643208731.35,19001
19-7-22,2170,2184.9,2100.35,2174,2168.2,2168.8,2169.71,2589,1900,202603,439589686.35,14771
20-7-22,2175,2179.6,2149.6,2168.8,2157.7,2158.9,2166.29,2589,1900,252406,546784651.75,12272
21-7-22,2159,2179.9,2155.5,2158.9,2178,2174.55,2173.15,2589,1900,408365,887437175.35,19503
22-7-22,2175,2200.4,2160,2174.55,2187.45,2191.95,2181.84,2589,1900,594869,1297911092.45,21984
25-7-22,2198.9,2213,2176.9,2191.95,2203.95,2204.45,2196.19,2589,1900,379605,833682933.65,19802
26-7-22,2200,2209.95,2171.55,2204.45,2180.25,2179.7,2180.95,2589,1900,232655,507409809.9,10323
27-7-22,2180,2197.65,2162,2179.7,2191.6,2190.25,2179.91,2589,1900,348755,760256137.25,13420
28-7-22,2204.9,2204.9,2176.5,2190.25,2180.05,2180.75,2185.44,2589,1900,249369,544981460.95,8731
29-7-22,2195,2238.9,2188,2180.75,2224.8,2227.4,2221.76,2589,1900,418157,929044274.7,17698
1-8-22,2232,2234,2208.8,2227.4,2230,2226.55,2224.57,2589,1900,286221,636718208.7,15087
2-8-22,2235.4,2262.6,2215,2226.55,2226,2227.65,2237.35,2589,1900,563363,1260438096.9,30125
3-8-22,2233.95,2241.55,2204.2,2227.65,2238.95,2236.4,2223.94,2589,1900,288612,641856620.8,15782
4-8-22,2250,2250,2194.85,2236.4,2218,2222.3,2223.26,2589,1900,437800,973343807.45,27084
5-8-22,2230.15,2259,2218.6,2222.3,2259,2254.8,2243.73,2589,1900,291021,652971843.45,28262
8-8-22,2260,2271,2220.3,2254.8,2225,2224.6,2235.97,2589,1900,323076,722387019.65,18038
10-8-22,2224.55,2234.8,2214.5,2224.6,2234.8,2227,2221.38,2589,1900,200902,446280288.3,13080
11-8-22,2240,2242.6,2221.45,2227,2227,2228.9,2228.64,2589,1900,158170,352503977.7,10288
12-8-22,2225,2245.8,2213.55,2228.9,2244,2227.6,2223.82,2589,1900,187340,416610464.75,11488
16-8-22,2248,2278,2239.2,2227.6,2271,2271.35,2265.19,2589,1900,407096,922148510.75,20008
17-8-22,2280,2307.35,2272,2271.35,2279.45,2283.15,2285.82,2589,1900,465269,1063521697.65,15611
18-8-22,2280,2334.8,2275.2,2283.15,2323.5,2322.85,2308.32,2589,1900,512571,1183176548.45,31401
19-8-22,2330.1,2367.75,2271.95,2322.85,2339,2350.85,2345.39,2589,1900,822726,1929612926.2,50938
22-8-22,2359.95,2359.95,2277.05,2350.85,2286,2282.95,2311.54,2589,1900,517330,1195826477.25,38394
23-8-22,2264.6,2315.9,2264.6,2282.95,2300,2296.05,2294.49,2589,1900,406760,933306566.25,33734
24-8-22,2296,2310,2280.55,2296.05,2295.1,2301.65,2298.04,2589,1900,363437,835194484.35,36000
25-8-22,2306.5,2309,2281.15,2301.65,2285,2284.2,2290.82,2589,1900,306034,701069099.1,17839
26-8-22,2289,2306.15,2277.55,2284.2,2286,2285.5,2289.45,2589,1900,582197,1332912370.55,29566
29-8-22,2274,2298,2271.1,2285.5,2288.3,2288.6,2286.13,2589,1900,360252,823583819.4,17448
30-8-22,2299.7,2304.75,2285.25,2288.6,2298,2299.7,2295.51,2589,1900,915785,2102197996.85,24521
1-9-22,2294.7,2314.35,2290,2299.7,2295,2296.35,2298.67,2589,1900,282890,650270540.25,17029
2-9-22,2305,2307.35,2276.2,2296.35,2286.5,2290.05,2289.78,2589,1900,1374277,3146798553.55,16296
5-9-22,2303.9,2305,2285,2290.05,2286,2288.15,2292.36,2589,1900,245656,563131834.1,9059
6-9-22,2297,2354.9,2280.4,2288.15,2348.15,2329.95,2301.87,2589,1900,1018694,2344902504.9,39230
7-9-22,2340,2446.95,2329,2329.95,2404,2405.35,2410.23,2589,1900,2631230,6341866701.85,127551
8-9-22,2420.85,2452.5,2405,2405.35,2416.55,2421.15,2423.58,2589,1900,1047830,2539499883.7,52566
9-9-22,2448,2507.95,2352.05,2421.15,2371,2365.6,2436.5,2589,1900,1690337,4118510308.35,89613
12-9-22,2375,2514.65,2340.25,2365.6,2511,2500.85,2451.33,2589,1900,1990854,4880232501.75,119331
13-9-22,2513.4,2592.95,2510.1,2500.85,2565.4,2572.8,2561.1,2592.95,1900,2058195,5271250645.15,94650
14-9-22,2550.05,2785,2541.1,2572.8,2728.8,2743.2,2673.66,2785,1900,4456168,11914299733.7,195259
15-9-22,2770.05,2775.85,2683,2743.2,2741,2747.7,2729.99,2785,1900,2083853,5688892231.35,99277
16-9-22,2750,2755,2558.25,2747.7,2628,2611.5,2654.39,2785,1900,2154427,5718687161.05,101542
19-9-22,2624,2721.9,2577,2611.5,2639.95,2641.1,2657.3,2785,1900,3716139,9874883172.9,159687
20-9-22,2674.4,2762,2656,2641.1,2720,2725.6,2713.68,2785,1900,1961065,5321700801.15,104737
21-9-22,2703.9,2714,2523.1,2725.6,2535.25,2531.2,2595.81,2785,1900,2989063,7759033815.8,151524
22-9-22,2505,2578.9,2461.2,2531.2,2572,2555.7,2535.9,2785,1900,2337503,5927667825.95,106847
23-9-22,2575,2585.5,2472.2,2555.7,2485.3,2488.9,2527.52,2785,1900,1396618,3529976404.05,54365
26-9-22,2460,2476,2350,2488.9,2358.6,2378.25,2398.26,2785,1900,1687672,4047472805.7,81191
27-9-22,2390,2404.7,2313.1,2378.25,2373,2373.45,2364.91,2785,1900,1483769,3508984106.45,77440
28-9-22,2354,2409,2325.6,2373.45,2349,2350.3,2367.88,2785,1900,1257484,2977566189.8,62467
29-9-22,2370,2385,2321.3,2350.3,2381,2374.05,2350.82,2785,1900,1159023,2724659492.6,43968
30-9-22,2370,2428,2360.4,2374.05,2419.8,2415.65,2399.57,2785,1900,896917,2152213593.55,44486
3-10-22,2419.8,2434.9,2288,2415.65,2299,2301.3,2351.51,2785,1900,1166442,2742903539.7,48779
4-10-22,2355,2373.3,2288.05,2301.3,2360,2359.65,2345.52,2785,1900,714858,1676713186.3,35698
6-10-22,2371.45,2397.75,2344,2359.65,2379,2381.75,2378.46,2785,1900,690259,1641751339.85,36234
7-10-22,2370.15,2400,2350,2381.75,2384.85,2384.75,2375.81,2785,1900,567262,1347707487.7,28218
10-10-22,2350,2399.9,2350,2384.75,2375.45,2369.25,2372.27,2785,1900,383666,910160405,22152
11-10-22,2375.05,2376.75,2305.7,2369.25,2308,2311.65,2342.8,2785,1900,380893,892355818.2,21308
12-10-22,2318,2339.4,2282.1,2311.65,2310,2316.8,2309.33,2785,1900,611941,1413172278,26880
13-10-22,2316,2318,2242.9,2316.8,2248.65,2253.9,2266.58,2785,1900,528138,1197067819.1,26598
14-10-22,2272,2285.95,2237.05,2253.9,2238.05,2243.65,2258.63,2785,1900,446497,1008470122,28095
17-10-22,2232,2285.05,2205.3,2243.65,2260,2270.1,2248.94,2785,1900,1512370,3401236282.85,80089
18-10-22,2259,2293.2,2216,2270.1,2219,2219.25,2240.03,2785,1900,1189726,2665021579.8,67956
19-10-22,2219,2258.4,2212.55,2219.25,2240.1,2246.45,2241.32,2785,1900,724058,1622843649.2,38163
20-10-22,2230,2299,2227.95,2246.45,2284.95,2287.6,2267,2785,1900,713402,1617283616.8,39341
21-10-22,2271,2300,2241.05,2287.6,2257,2256.55,2266.62,2785,1900,389554,882972215.65,24067
24-10-22,2265.25,2279.85,2252.3,2256.55,2256,2257.1,2261.5,2785,1900,46329,104773127.25,2994
25-10-22,2260.05,2278.9,2242.8,2257.1,2247.95,2247.5,2263.73,2785,1900,383657,868494844.95,18641
27-10-22,2275,2318,2250.4,2247.5,2311,2313,2290.14,2785,1900,561435,1285764593.5,29211
28-10-22,2315,2330,2284,2313,2319.9,2324.45,2314.51,2785,1900,650727,1506116916.5,27209
31-10-22,2347.4,2397.9,2327.9,2324.45,2390,2390.3,2375.51,2785,1900,584214,1387808822.8,29966
1-11-22,2399,2436.4,2386.55,2390.3,2430,2428.05,2412.65,2785,1900,726935,1753842476.05,28214
2-11-22,2430,2453.05,2415,2428.05,2435.9,2440,2437.25,2785,1900,460821,1123136715.7,21675
3-11-22,2410,2473.55,2410,2440,2458,2455.35,2453.65,2785,1900,406672,997831753.25,25251
4-11-22,2462,2514.95,2459.3,2455.35,2483.5,2480.7,2485.77,2785,1900,585433,1455251528.75,32804
7-11-22,2486.5,2504.3,2452.15,2480.7,2484.3,2484.95,2484.43,2785,1900,470005,1167696716.3,25264
9-11-22,2484.95,2505,2424.95,2484.95,2433,2438.35,2465.38,2785,1900,675313,1664906389,36477
10-11-22,2428,2464,2378.75,2438.35,2393.95,2392.25,2414.12,2785,1900,513144,1238790271.9,24640
11-11-22,2424.8,2433.75,2383,2392.25,2394,2390.65,2408.57,2785,1900,276834,666773203.8,12897
14-11-22,2400,2456.7,2379,2390.65,2431.5,2435.45,2427.34,2785,1900,557530,1353313693.5,28375
15-11-22,2447.65,2514.75,2442.1,2435.45,2480.5,2478.65,2481.41,2785,1900,1003908,2491104907.9,48446
16-11-22,2463.65,2511.25,2442.05,2478.65,2463,2465.6,2480.66,2785,1900,693470,1720260771,49095
17-11-22,2464,2482.45,2440.55,2465.6,2443,2448.15,2458.87,2785,1900,188784,464195334.3,13238
18-11-22,2456,2470,2414.75,2448.15,2462,2460.7,2441.51,2785,1900,540609,1319900137.2,24944
21-11-22,2452.7,2463.5,2418.95,2460.7,2444.85,2456.75,2443.68,2785,1900,433180,1058553887.85,20421
22-11-22,2458,2493.95,2440.05,2456.75,2457.5,2460.85,2471.06,2785,1900,290733,718419793.75,17854
23-11-22,2469.9,2480,2444.05,2460.85,2460,2458.9,2461.49,2785,1900,278487,685493215.6,16756
24-11-22,2456,2473,2447.7,2458.9,2462.95,2461.35,2460.15,2785,1900,310621,764175535.7,16038
25-11-22,2468.8,2515,2455.65,2461.35,2514,2507.25,2489.44,2785,1900,450737,1122082277.3,23057
28-11-22,2515,2543,2500.2,2507.25,2525.35,2527.1,2525.91,2785,1900,876480,2213913411.25,39106
29-11-22,2538,2562,2506,2527.1,2514,2514.05,2536.22,2785,1900,474639,1203786585.5,25533
30-11-22,2516.95,2570,2507.55,2514.05,2560.1,2563.25,2545.32,2785,1900,565921,1440447648.45,27338
1-12-22,2568,2603.95,2550,2563.25,2577,2577.35,2577.92,2785,1900,770271,1985696382.15,30935
2-12-22,2589,2625.65,2555,2577.35,2610,2609.3,2595.65,2785,1900,816152,2118446349.35,48342
5-12-22,2610.2,2628.8,2594,2609.3,2622.05,2621.1,2614.16,2785,1900,458990,1199871318.3,42225
6-12-22,2610,2656.85,2608.05,2621.1,2618.1,2621.15,2631.72,2785,1900,599147,1576788336.95,37564
7-12-22,2619.85,2643.8,2598.6,2621.15,2600.4,2605.95,2615.12,2785,1900,418544,1094544432.85,24413
8-12-22,2602,2634,2602,2605.95,2623.1,2621.25,2617.52,2785,1900,337427,883222564.45,17629
9-12-22,2638,2642.4,2594.9,2621.25,2626.9,2619.5,2616.37,2785,1900,491049,1284763780.8,27649
12-12-22,2614.7,2653,2595,2619.5,2649,2642.4,2635.65,2785,1900,306720,808406388.5,21327
13-12-22,2662,2675,2643,2642.4,2659.5,2659.55,2659.23,2785,1900,429720,1142725479.95,27399
14-12-22,2663.05,2675,2657,2659.55,2661.75,2668.6,2667.64,2785,1900,226019,602937536.05,14082
15-12-22,2661.75,2672,2611,2668.6,2624.95,2635.5,2656.21,2785,1900,439279,1166815666.2,19121
16-12-22,2610.1,2655,2595.35,2635.5,2619.95,2616.75,2620.66,2785,1900,433332,1135617942.05,23279
19-12-22,2612.95,2645.95,2600.2,2616.75,2639.9,2638.5,2630.16,2785,1900,184905,486330085.95,10844
20-12-22,2635,2635,2570.55,2638.5,2593.05,2592.5,2593.77,2785,1900,271075,703105107.15,15565
21-12-22,2605,2635,2531.3,2592.5,2550,2540.95,2574.3,2785,1900,238252,613332590,15462
22-12-22,2540,2578,2496.75,2540.95,2508.5,2513.7,2521.68,2785,1900,332075,837385939.95,19180
23-12-22,2491,2500,2356.4,2513.7,2370,2374.1,2425.72,2785,1900,262926,637784267.3,20035
26-12-22,2372,2448.5,2360,2374.1,2429.15,2423.65,2425.69,2785,1900,480611,1165814491.6,33035
27-12-22,2430.95,2487.95,2428.1,2423.65,2486,2478,2458.72,2785,1900,260633,640823711.85,17590
28-12-22,2475,2477,2447.55,2478,2456,2455.35,2460.36,2785,1900,201331,495347522.9,10875
29-12-22,2455,2467.7,2411.15,2455.35,2446.7,2447.85,2439.14,2785,1900,352346,859422703.2,25719
30-12-22,2459,2474,2434.2,2447.85,2444.35,2441.6,2454.15,2785,1900,145633,357404637.4,9746
2-1-23,2440,2467,2436.65,2441.6,2438,2439.75,2447.09,2785,1900,162920,398680559.55,12449
3-1-23,2440.05,2453,2428,2439.75,2443.4,2442.7,2438.09,2785,1900,356701,869670780.8,25597
4-1-23,2449.7,2483.45,2399,2442.7,2407.5,2409.3,2445.33,2785,1900,590726,1444517630.9,33807
5-1-23,2407.5,2445.4,2375.35,2409.3,2444.95,2440.2,2415.28,2785,1900,347565,839466455.75,21285
6-1-23,2435.2,2457.05,2400,2440.2,2420.3,2415.95,2429.7,2785,1900,203880,495366458.2,13691
9-1-23,2428.05,2471.35,2425.5,2415.95,2468.7,2464.65,2460.89,2785,1900,291084,716327153.35,25989
10-1-23,2469.9,2488,2407.5,2464.65,2420,2418.95,2437.6,2785,1900,341404,832207591.3,21630
11-1-23,2429,2458.95,2388.05,2418.95,2400.45,2394.95,2402.94,2785,1900,327925,787983524.55,18687
12-1-23,2401,2411.3,2353.15,2394.95,2361.8,2364.4,2382.4,2785,1900,283433,675252058.15,31840
13-1-23,2372.05,2385,2362.9,2364.4,2367.2,2367.2,2372.87,2785,1900,331339,786222869,17565
16-1-23,2376.4,2380.5,2354.5,2367.2,2357,2361.4,2364.57,2785,1900,180024,425679446.35,13025
17-1-23,2362,2371.7,2326.4,2361.4,2348,2346,2347.98,2785,1900,231181,542808298.75,17000
18-1-23,2348.2,2370,2330,2346,2369.5,2365,2351.65,2785,1900,217218,510821039.3,14023
19-1-23,2357.5,2418,2353.25,2365,2394,2391.15,2391.84,2785,1900,422029,1009426948.15,27787
20-1-23,2393,2403,2350.55,2391.15,2356,2355.6,2371.22,2785,1900,199568,473219820.95,17043
23-1-23,2349.05,2364,2290,2355.6,2320.1,2323.45,2321.3,2785,1900,305955,710212395.15,24700
24-1-23,2330,2352.6,2319.3,2323.45,2335,2335.7,2337.29,2785,1900,178454,417098801.5,13134
25-1-23,2324.1,2329.95,2157.3,2335.7,2168.95,2165.7,2214.54,2785,1900,1224929,2712653793.25,73678
27-1-23,2176.55,2177,1732.6,2165.7,1899.9,1879.75,1903.19,2785,1732.6,4094621,7792840752.7,229933
30-1-23,1920,2067.7,1800,1879.75,1908,1904.15,1920.82,2785,1732.6,3933685,7555901382.05,188440
31-1-23,1925,2014.35,1888,1904.15,1972,1968.3,1964.49,2785,1732.6,1733066,3404586480.85,106128
1-2-23,1999.5,2008.5,1750,1968.3,1858,1846.45,1858.92,2785,1732.6,4840022,8997196735.75,208111
2-2-23,2010,2010,1767,1846.45,1854.6,1841.25,1855.4,2785,1732.6,3416062,6338153248.6,190890
3-2-23,1845,1939.25,1695.9,1841.25,1920,1926.75,1818.76,2785,1695.9,4096049,7449718617.45,211674
6-2-23,1929,1988,1880,1926.75,1964.8,1969.55,1939.82,2785,1695.9,1358051,2634370218.7,79108
7-2-23,1970,2065.65,1965.3,1969.55,1996,1994.05,2012.35,2785,1695.9,2473866,4978277741.65,107942
8-2-23,2011.5,2042,1952,1994.05,1974.95,1973.75,1987.3,2785,1695.9,1359558,2701847145.2,71884
9-2-23,1969,1969,1891.05,1973.75,1914,1916,1918.6,2785,1695.9,1491436,2861468385.55,89295
10-2-23,1900,1919.5,1872,1916,1882,1880.4,1895.41,2785,1695.9,1157601,2194128090.8,73651
13-2-23,1880.45,1903.45,1797.15,1880.4,1823.55,1823.15,1831.76,2785,1695.9,1145107,2097557983.6,66695
14-2-23,1825,1858.85,1770.55,1823.15,1833.6,1830.3,1814.92,2785,1695.9,1159351,2104124408.45,62523
15-2-23,1819,1864.75,1811.2,1830.3,1853.65,1852.15,1846.72,2785,1695.9,723678,1336433182.85,45869
16-2-23,1865,1890.25,1828.7,1852.15,1839.75,1841.65,1854.1,2785,1695.9,931391,1726888574.25,47174
17-2-23,1840,1865.55,1812.55,1841.65,1834.95,1839.4,1839.14,2785,1695.9,882626,1623271925.8,53936
20-2-23,1824,1862.9,1812,1839.4,1841,1850.65,1835.74,2785,1695.9,462228,848531666,25373
21-2-23,1858.25,1868.35,1820,1850.65,1826,1828.4,1844.96,2785,1695.9,576509,1063638606.65,32887
22-2-23,1825,1827,1719.8,1828.4,1752,1752.2,1756.11,2785,1695.9,1237245,2172734214.6,58209
23-2-23,1752.2,1759.95,1722.3,1752.2,1738,1727.55,1739.74,2785,1695.9,708163,1232017670.8,34492
24-2-23,1741.6,1749.8,1706,1727.55,1727,1730,1723.65,2785,1695.9,753146,1298163432.3,43749
27-2-23,1718,1727,1659,1730,1699,1694.8,1689.07,2785,1659,871143,1471417364.4,48726
28-2-23,1694.8,1773.45,1671.75,1694.8,1730,1731.7,1730.81,2785,1659,2034912,3522038748.8,74611
1-3-23,1739.7,1776.05,1735.65,1731.7,1767.05,1769.45,1759.48,2785,1659,626061,1101539219.5,36212
2-3-23,1768.95,1806.7,1733.1,1769.45,1794,1801.35,1780.99,2785,1659,1273916,2268827637.3,63532
3-3-23,1850,1916.3,1830,1801.35,1890,1894.05,1874.95,2785,1659,2157584,4045362484.2,89335
6-3-23,1905,1932.3,1855,1894.05,1865.1,1865.8,1888.42,2785,1659,1384486,2614493230.1,64800
8-3-23,1865.1,1893.75,1845.8,1865.8,1885.25,1886.5,1877.46,2785,1659,690084,1295604990.7,45061
9-3-23,1895.9,1896,1848.85,1886.5,1860.05,1860.1,1865.01,2785,1659,576543,1075260182.75,40235
10-3-23,1847,1858.65,1819.8,1860.1,1845,1846.9,1843.41,2785,1659,402781,742491442.4,22033
13-3-23,1865.95,1866.8,1765.05,1846.9,1772,1770,1800.43,2785,1659,759896,1368140267.75,46614
14-3-23,1777.95,1783.4,1696,1770,1742,1738.4,1741.09,2785,1659,903268,1572670589.8,44835
15-3-23,1758,1760.25,1714.1,1738.4,1738.2,1740,1740.92,2785,1659,672348,1170503767.1,45092
16-3-23,1735,1770,1720.1,1740,1767.95,1750.3,1745.16,2785,1659,370585,646729587.5,26330
17-3-23,1774.7,1774.7,1723.05,1750.3,1729.4,1730.4,1738.96,2785,1659,566675,985425426.95,32221
20-3-23,1730,1730.3,1676.05,1730.4,1694.7,1695.6,1695.64,2785,1659,449040,761410637.7,31872
21-3-23,1713.95,1739.85,1698.25,1695.6,1722.95,1724.6,1722.95,2785,1659,306383,527881300.05,22050
22-3-23,1730,1746,1724.65,1724.6,1731.65,1738.35,1735.59,2785,1659,258724,449039769.45,17017
23-3-23,1738,1752.2,1725,1738.35,1739.75,1738.3,1741.04,2785,1659,448459,780785706.5,26978
24-3-23,1736,1745.95,1694.55,1738.3,1697.85,1700.85,1725.29,2785,1659,530916,915984157.9,26793
27-3-23,1701,1709.35,1680.5,1700.85,1691.25,1684.95,1691.45,2785,1659,340663,576215150.5,17131
28-3-23,1693,1696,1592.55,1684.95,1610,1613.95,1626.97,2785,1592.55,1032882,1680471754.8,58109
29-3-23,1592.35,1649,1592.35,1613.95,1627.8,1625.9,1629.12,2785,1592.35,1012619,1649681222.25,47627
31-3-23,1640,1672,1630,1625.9,1663,1667.2,1651.73,2785,1592.35,638264,1054238906.6,31113
3-4-23,1675,1714,1651.6,1667.2,1707.7,1709,1690.78,2785,1592.35,547370,925484409.05,30232
5-4-23,1707,1716.45,1670.65,1709,1690,1687.95,1685.39,2785,1592.35,696020,1173066912.9,33920
6-4-23,1694.95,1717.45,1681.1,1687.95,1712,1712,1705.04,2785,1592.35,425340,725220334.55,23288
10-4-23,1718,1751.55,1705.25,1712,1745,1740.95,1736.53,2785,1592.35,407043,706841470.05,21084
11-4-23,1745,1757.9,1732.8,1740.95,1738.5,1737.4,1743.89,2785,1592.35,260590,454439841.25,14550
12-4-23,1745.85,1768.5,1736.6,1737.4,1756.8,1758,1759.66,2785,1592.35,444622,782383974.4,17963
13-4-23,1758.8,1771.6,1748.1,1758,1767.85,1767.55,1762.41,2785,1592.35,647769,1141635345.6,16639
17-4-23,1767.55,1788.15,1753.85,1767.55,1780.7,1784.35,1769.75,2785,1592.35,768051,1359259521.9,24780
18-4-23,1789,1789,1745,1784.35,1765,1760.1,1767.14,2785,1592.35,592829,1047614202.75,21622
19-4-23,1765,1775.85,1742.85,1760.1,1744,1749.3,1758.17,2785,1592.35,372749,655357323,25592
20-4-23,1750,1758.9,1735,1749.3,1735,1738.1,1747,2785,1592.35,256370,447879279.6,13532
21-4-23,1741.95,1744.8,1712.75,1738.1,1719.8,1717.95,1722.7,2785,1592.35,346777,597392635,20969
24-4-23,1719.9,1740,1710.3,1717.95,1739,1734.65,1728.79,2785,1592.35,258999,447753892.3,16365
25-4-23,1735,1751,1726.75,1734.65,1740,1736.15,1739.29,2785,1592.35,258998,450473770.25,15465
26-4-23,1739,1748.95,1730.05,1736.15,1737.5,1738.7,1741.02,2785,1592.35,260778,454020764.1,15739
27-4-23,1744.9,1758,1732.1,1738.7,1743.95,1750.85,1741.72,2785,1592.35,273621,476569831.25,15896
28-4-23,1724.85,1773.9,1700,1750.85,1762.85,1762.85,1748.2,2785,1592.35,866675,1515122426.6,37368
2-5-23,1764.8,1777,1750.55,1762.85,1766,1764.15,1762.93,2785,1592.35,503277,887243706.55,18417
3-5-23,1763.05,1774,1718.75,1764.15,1742,1743.6,1750.73,2785,1592.35,478140,837094129.75,28000
4-5-23,1742,1772,1742,1743.6,1771,1766.3,1760.92,2785,1592.35,283120,498551228.2,17908
5-5-23,1771,1785,1750,1766.3,1762,1764.65,1767.51,2785,1592.35,566808,1001840373.1,31944
8-5-23,1774.8,1778.9,1755,1764.65,1765,1766.65,1766.98,2785,1592.35,582663,1029555876.55,23542
9-5-23,1774.5,1783.95,1752,1766.65,1757,1759.3,1770.21,2785,1592.35,431605,764033530.65,23954
10-5-23,1765,1765.55,1746.55,1759.3,1752,1751.15,1753.13,2785,1592.35,332924,583659262,16776
11-5-23,1753.45,1809,1752,1751.15,1790,1786.15,1785.15,2785,1592.35,1119753,1998926595.1,41961
12-5-23,1795.75,1835,1780,1786.15,1805,1798,1812.72,2785,1592.35,1171091,2122860649.3,57723
15-5-23,1804.95,1812.85,1763.3,1798,1804.95,1799.9,1796.29,2785,1592.35,366238,657868080.9,20794
16-5-23,1804,1812.5,1780.15,1799.9,1786,1783.5,1793.87,2785,1592.35,219099,393035326.2,15316
17-5-23,1786,1804,1743.3,1783.5,1757,1758.15,1772.02,2785,1592.35,470809,834281741.05,25509
18-5-23,1763,1778.95,1704.45,1758.15,1712,1712.45,1738.53,2785,1592.35,647641,1125942997.7,30929
19-5-23,1719.95,1741.35,1705,1712.45,1729,1729.05,1721.98,2785,1592.35,492673,848374254,26204
22-5-23,1733.95,1843.3,1730.95,1729.05,1814,1813.4,1809.35,2785,1592.35,2232532,4039425298.35,92713
23-5-23,1828.85,1867,1810,1813.4,1817,1819.45,1835.53,2785,1592.35,1668192,3062020830.9,74094
24-5-23,1815,1829,1776.05,1819.45,1783,1780.4,1797.77,2785,1592.35,736922,1324813578.5,40081
25-5-23,1780.4,1789,1755.1,1780.4,1783,1778.15,1770.08,2785,1592.35,543016,961184399.35,26807
26-5-23,1790,1810,1773.55,1778.15,1787.95,1785,1783.15,2785,1592.35,373972,666846657.2,20419
29-5-23,1795,1808,1779.25,1785,1794,1794.4,1796.39,2785,1592.35,389902,700415141.65,19502
30-5-23,1794.4,1815.5,1785.5,1794.4,1799,1798.4,1803.08,2785,1592.35,345429,622835390.75,20123
31-5-23,1798.4,1809,1761.9,1798.4,1774.9,1777.2,1781.51,2785,1592.35,1373412,2446743499.4,40969
1-6-23,1782,1823.7,1780.7,1777.2,1799.9,1800.3,1806.84,2785,1592.35,542023,979350583.35,32990
2-6-23,1809.95,1819,1790.25,1800.3,1815,1815.6,1809.7,2785,1592.35,819953,1483866234.3,35027
5-6-23,1821,1826.5,1806.5,1815.6,1812.5,1810.45,1816.04,2785,1592.35,539080,978988159.15,21925
6-6-23,1815,1864,1815,1810.45,1857,1856.3,1848.92,2785,1592.35,1431557,2646841367.7,57316
7-6-23,1862,1870,1839,1856.3,1855.1,1851.75,1850.13,2785,1592.35,494896,915620889.25,22684
8-6-23,1864,1867.4,1820.05,1851.75,1834,1833.55,1840.93,2785,1592.35,663101,1220721035.85,28413
9-6-23,1841,1846,1825,1833.55,1833.05,1837.3,1838.67,2785,1592.35,395254,726740341.15,15286
12-6-23,1841.25,1847.95,1826.2,1837.3,1837,1838.55,1840.22,2785,1592.35,213874,393575132.25,14295
13-6-23,1845,1859.5,1835.8,1838.55,1843.9,1846.95,1850.19,2785,1592.35,375850,695393953.7,20617
14-6-23,1850.5,1859.9,1842.5,1846.95,1853,1854.85,1852.56,2785,1592.35,250046,463224096.6,12874
15-6-23,1859,1869.5,1845.1,1854.85,1847.5,1850,1859.81,2785,1592.35,557113,1036126168,29877
16-6-23,1850,1867.4,1848.15,1850,1857,1855.45,1856.09,2785,1592.35,317296,588930401.45,15966
19-6-23,1865,1865.35,1811.05,1855.45,1823.05,1825.4,1831.61,2785,1592.35,411272,753288608.55,24911
20-6-23,1828.8,1841,1810.5,1825.4,1839.95,1838.2,1830.82,2785,1592.35,362678,663996673.3,14007
21-6-23,1845,1852,1830.75,1838.2,1845,1845.85,1844.12,2785,1592.35,421375,777067506.5,19858
22-6-23,1845.85,1850.45,1830,1845.85,1832.4,1831.75,1840.37,2785,1592.35,444033,817183379.95,22161
23-6-23,1830,1830.55,1760.7,1831.75,1774.95,1766.9,1787.65,2785,1592.35,1080901,1932273953.2,59383
26-6-23,1772,1796.8,1754,1766.9,1795.05,1792.3,1780.9,2785,1592.35,361121,643120327.15,21605
27-6-23,1799.7,1802,1775.5,1792.3,1789.5,1788.6,1786.1,2785,1592.35,698909,1248321796.1,41618
28-6-23,1788,1826.9,1788,1788.6,1815.1,1812.35,1813.31,2785,1592.35,552136,1001192242.9,32976
30-6-23,1819.95,1827.75,1800.6,1812.35,1815,1813.7,1812.34,2785,1592.35,614896,1114402141.1,24476
3-7-23,1823.95,1835,1812.8,1813.7,1826.7,1825.1,1823.62,2785,1592.35,445138,811760715.55,36913
4-7-23,1828.65,1831.95,1814.6,1825.1,1824,1820.45,1821.03,2785,1592.35,307740,560402454.45,22329
5-7-23,1834.8,1834.8,1810.05,1820.45,1819,1820.8,1817.51,2785,1592.35,268278,487597068.25,19641
6-7-23,1821,1827.6,1810,1820.8,1821.05,1820.35,1816.84,2785,1592.35,295412,536716264.95,24538
7-7-23,1817.95,1817.95,1784.95,1820.35,1788.25,1791.5,1798.48,2785,1592.35,1083059,1947857262.25,63028
10-7-23,1792,1807,1775.6,1791.5,1795.2,1794.7,1791.87,2785,1592.35,516907,926232617.85,38872
11-7-23,1804.9,1804.9,1778.35,1794.7,1785,1783.25,1789.89,2785,1592.35,552422,988776978.9,49696
12-7-23,1789,1794.95,1764.15,1783.25,1788,1789.65,1781.19,2785,1592.35,641496,1142629238.9,28847
13-7-23,1790,1796.5,1764.3,1789.65,1771.35,1770.5,1785.16,2785,1592.35,440574,786493865.1,17026
14-7-23,1776.05,1782.25,1770.25,1770.5,1778.65,1777.5,1777.09,2785,1592.35,190205,338011141.5,13763
17-7-23,1788.35,1819.75,1781,1777.5,1813,1811.5,1809.06,2785,1592.35,414958,750683533.4,29695
18-7-23,1815.95,1818.65,1789.25,1811.5,1795,1795.1,1800.22,2785,1592.35,503572,906542854.65,34415
19-7-23,1804.95,1804.95,1791.5,1795.1,1801,1800.05,1799.01,2785,1592.35,200726,361108587.95,14444
20-7-23,1809.85,1810,1788,1800.05,1800,1800.45,1798.85,2785,1592.35,409980,737492210.45,27344
21-7-23,1803.4,1803.4,1762.65,1800.45,1770,1766.7,1779.72,2785,1592.35,365608,650680718.85,24614
24-7-23,1777.45,1816,1773.6,1766.7,1805.5,1804.6,1804.29,2785,1592.35,532719,961180090.05,28597
25-7-23,1810,1895,1810,1804.6,1889,1891.75,1870.55,2785,1592.35,2498279,4673150983.45,89498
26-7-23,1899.95,1926.5,1873.85,1891.75,1925,1922.5,1908.35,2785,1592.35,1090375,2080814648.2,44663
27-7-23,1927,1955,1900,1922.5,1945.9,1940.5,1928.65,2785,1592.35,1426409,2751045468.15,57571
28-7-23,1950,1974.35,1913.6,1940.5,1945,1948.9,1946.22,2785,1592.35,2036905,3964271432.3,65935
31-7-23,1945,2031,1933.3,1948.9,2018,2017.9,2007.32,2785,1592.35,1323856,2657405106.2,54165
1-8-23,2014.7,2029,1980.2,2017.9,2012,2010.6,2005.28,2785,1592.35,522582,1047925756.7,29828
2-8-23,2007,2026.7,1961.5,2010.6,1968.3,1971.25,1987.3,2785,1592.35,677137,1345674290.7,32662
3-8-23,1972.2,2050,1950,1971.25,2025,2028.15,2021.19,2785,1592.35,1104713,2232839360.3,60760
4-8-23,2039.05,2052.5,2015.8,2028.15,2039,2042.75,2036.97,2785,1592.35,525513,1070452996.6,25142
7-8-23,2042.75,2050.75,2012.1,2042.75,2026.05,2031.05,2027.58,2785,1592.35,286662,581228851.85,18437
8-8-23,2016.55,2032.8,1967,2031.05,1994.5,2000.95,1996,2785,1592.35,450388,898974029.2,25409
9-8-23,2000.95,2009,1975.9,2000.95,1986.95,1987.15,1988.95,2785,1592.35,187614,373154897.15,16067
10-8-23,1990,1994.65,1950,1987.15,1961.25,1960.95,1966.77,2785,1592.35,294347,578912304.15,18612
11-8-23,1947.05,1973.3,1927.25,1960.95,1951.25,1953.65,1951.72,2785,1592.35,651697,1271929163.05,40261
14-8-23,1949.65,1949.65,1905,1953.65,1907,1910.35,1919.3,2785,1592.35,307784,590730582.8,21194
16-8-23,1905,1905,1880,1910.35,1890.15,1892.15,1891.75,2785,1592.35,288181,545165086.5,23380
17-8-23,1893,1908.9,1881,1892.15,1897.8,1900.85,1895.64,2785,1592.35,234693,444893850.15,17580
18-8-23,1895,1955.95,1883,1900.85,1933.5,1934.1,1929.48,2785,1592.35,730944,1410344602.8,42867
21-8-23,1934.2,1979,1934.15,1934.1,1977,1971.95,1958.58,2785,1592.35,561719,1100172057.1,29872
22-8-23,1975.15,1992.55,1963.95,1971.95,1980,1979.1,1978.3,2785,1592.35,407798,806745839.1,24326
23-8-23,1979.9,1987.75,1953.55,1979.1,1970.85,1965.25,1969.35,2785,1592.35,555199,1093381539.25,21512
24-8-23,1975,2007,1956.4,1965.25,1991.4,1990.35,1992.9,2785,1592.35,362009,721447103.9,21290
25-8-23,1980,1980,1945,1990.35,1960.05,1962.55,1960.25,2785,1592.35,563552,1104701522.55,48400
28-8-23,1970,1998.8,1956.7,1962.55,1981.3,1985.25,1982.22,2785,1592.35,451894,895752812.7,17946
29-8-23,1985.25,1997.35,1976.05,1985.25,1980,1981.8,1985.43,2785,1592.35,352542,699947591.55,15167
30-8-23,1981.1,2010.9,1966,1981.8,2000,2000.55,1994.39,2785,1592.35,649837,1296026326.05,34645
31-8-23,1987,2030.15,1932.65,2000.55,2015.25,2005.75,1993.93,2785,1592.35,8298767,16547176783.8,123829
1-9-23,2000,2037.65,1990,2005.75,2008.95,2011.25,2009.33,2785,1592.35,511773,1028320347.65,24978
4-9-23,2012.15,2064.95,2012.15,2011.25,2060.8,2058.65,2045.43,2785,1592.35,929654,1901543304,38737
5-9-23,2056.6,2104,2045,2058.65,2080.05,2084.6,2077.16,2785,1592.35,770177,1599781099.95,40799
6-9-23,2084,2084.55,2037.7,2084.6,2042.4,2043.5,2053.8,2785,1592.35,801557,1646241325.25,32935
7-9-23,2044.95,2051,2022.35,2043.5,2050,2041.75,2034.31,2785,1592.35,669197,1361351066.05,30038
8-9-23,2051,2057,2016,2041.75,2022,2024.25,2030.4,2785,1592.35,655333,1330585599.25,30860
11-9-23,2024.25,2068.55,2012,2024.25,2053,2051.05,2050.07,2785,1592.35,666836,1367060137.4,25179
12-9-23,2064.75,2072.9,2002.95,2051.05,2015.05,2010.95,2032.93,2785,1592.35,969463,1970847897.55,44531
13-9-23,2017.95,2066.75,2004.55,2010.95,2060.1,2063.05,2038.78,2785,1592.35,500782,1020984460.3,26161
14-9-23,2070,2082.1,2032.4,2063.05,2042,2038.3,2049.3,2785,1592.35,388273,795686524.5,20136
15-9-23,2050.3,2054.3,2021,2038.3,2026,2026.85,2034.13,2785,1592.35,247463,503373117,14184
18-9-23,2031.3,2038,2002,2026.85,2005.6,2006.7,2017.16,2762,1592.35,231014,465992291.55,17202
20-9-23,2006,2006.7,1968,2006.7,1976.05,1979.8,1981.99,2762,1592.35,254921,505249856.45,20414
21-9-23,1975,2002.15,1965.25,1979.8,1990,1993.8,1991.24,2762,1592.35,356618,710113146.1,24851
22-9-23,1999,2001.55,1967.65,1993.8,1975.1,1978.5,1981.36,2762,1592.35,238415,472386461.7,15217
25-9-23,1971,2006,1967.4,1978.5,2001,2000.1,1992.78,2675,1592.35,281333,560635614.25,14367
26-9-23,2000.8,2026.7,1995,2000.1,2016,2015.05,2015.95,2675,1592.35,369560,745012850,16973
27-9-23,2016.2,2025.25,2006.8,2015.05,2015,2019.75,2019.03,2675,1592.35,218437,441031301.7,13547
28-9-23,2019.75,2031.5,1982.75,2019.75,2006,1996.35,1999.38,2675,1592.35,1420559,2840230712.6,39945
29-9-23,2010,2024,2002.15,1996.35,2010,2012.25,2013.26,2675,1592.35,168496,339227063.85,12114
3-10-23,2015.95,2039.85,2008.85,2012.25,2032.05,2034.9,2031.29,2675,1592.35,248293,504354046.65,23543
4-10-23,2030,2035.2,1985.65,2034.9,2005,2006.65,2011,2675,1592.35,554620,1115339729.1,32206
5-10-23,2007,2025.45,1993.2,2006.65,1994.5,1997.25,2006.06,2675,1592.35,180497,362088005.5,9985
6-10-23,1997.25,2021.7,1997.25,1997.25,2008,2009.95,2011.01,2675,1592.35,153026,307737106.95,13052
9-10-23,2000.05,2001,1955.5,2009.95,1963.1,1964.95,1971.95,2675,1592.35,830635,1637972489.05,23618
10-10-23,1966.95,1994.45,1966.95,1964.95,1984,1986.25,1984.46,2675,1592.35,123625,245328829.15,11528
11-10-23,1998,2056.95,1981.4,1986.25,2039.55,2038.7,2038.14,2675,1592.35,601662,1226273835.55,36046
12-10-23,2049,2053.9,2021.8,2038.7,2025.5,2029.55,2035.38,2675,1592.35,190229,387187666.5,13234
13-10-23,2022.15,2030.7,2008,2029.55,2010.6,2010.45,2017.35,2675,1592.35,141242,284934199.95,10297
16-10-23,2010,2037,2002,2010.45,2030.9,2030.85,2026.46,2675,1592.35,228407,462857734.85,14611
17-10-23,2034.25,2042,2020.1,2030.85,2036.15,2039.6,2034.34,2675,1592.35,212532,432362436.9,10541
18-10-23,2041,2044.65,2008,2039.6,2014,2014.05,2021.67,2675,1592.35,205829,416118779.5,19647
19-10-23,2015,2038.65,1995.05,2014.05,2021.5,2030.55,2017.49,2675,1592.35,190539,384409656.25,14204
20-10-23,2021.6,2032.45,1955.6,2030.55,1963.7,1963.15,1974.51,2675,1592.35,524895,1036409791.1,32413
23-10-23,1970,1978.8,1880,1963.15,1892,1897.35,1929,2675,1592.35,390084,752470481.9,24109
25-10-23,1900,1919.15,1867.35,1897.35,1886.3,1891.1,1893.2,2675,1592.35,660572,1250595591.6,31623
26-10-23,1884.8,1913,1871,1891.1,1913,1899.85,1891.08,2675,1592.35,690300,1305413125,44613
27-10-23,1930,1936,1871.15,1899.85,1882.9,1878,1897.85,2675,1592.35,449396,852887858.95,27780
30-10-23,1890,1897,1872.8,1878,1890.65,1887,1885.87,2675,1592.35,162949,307301101.9,12760
31-10-23,1895,1903.7,1882.05,1887,1886.4,1888.2,1890.16,2675,1592.35,117831,222719848.7,8688
1-11-23,1890,1897.35,1836.6,1888.2,1841,1843.75,1860.15,2675,1592.35,274912,511378830.85,20185
2-11-23,1851.75,1879.05,1841.2,1843.75,1863.55,1864.15,1866.43,2675,1592.35,205501,383552743.5,13930
3-11-23,1878,1890,1858,1864.15,1858,1859.85,1868.34,2675,1592.35,187144,349648730,12445
6-11-23,1874.85,1888.5,1862,1859.85,1865.15,1864.3,1872.19,2675,1592.35,203941,381817116.25,13847
7-11-23,1867.25,1872,1855,1864.3,1859.95,1860.6,1864.55,2675,1592.35,160739,299705758.85,10740
8-11-23,1869,1880.65,1852,1860.6,1852.8,1854.15,1862.44,2675,1592.35,189559,353042035.1,14624
9-11-23,1864,1864,1840.95,1854.15,1844,1844.95,1848.81,2675,1592.35,223676,413535212.95,13911
10-11-23,1844,1846.5,1818,1844.95,1827,1825.3,1826.55,2675,1592.35,259623,474213995.75,15952
12-11-23,1832,1847.95,1832,1825.3,1838.5,1839.15,1840.29,2675,1592.35,43093,79303540.1,3032
13-11-23,1838.5,1839.15,1815,1839.15,1835.9,1834.85,1824.85,2675,1592.35,361409,659517253.75,16084
15-11-23,1848,1858.9,1829.15,1834.85,1836,1836.35,1848.36,2675,1592.35,274781,507895440.85,18846
16-11-23,1843,1853.8,1835.4,1836.35,1844,1844.85,1844.78,2675,1592.35,215184,396966223.65,12469
17-11-23,1855,1874.3,1842.95,1844.85,1850,1848.25,1859.9,2675,1592.35,257285,478523750.3,17195
20-11-23,1848.25,1858.4,1826.2,1848.25,1830,1828.45,1840.37,2675,1592.35,170647,314052890.65,13341
21-11-23,1832,1849.9,1830,1828.45,1841,1839.55,1841.36,2675,1592.35,187241,344778658.85,11623
22-11-23,1842.05,1847.35,1803,1839.55,1813,1815.25,1818.69,2675,1592.35,313236,569680427.15,22623
23-11-23,1826.75,1826.75,1806,1815.25,1819,1819.7,1817.04,2675,1592.35,254690,462780851.05,16413
24-11-23,1822,1829,1813,1819.7,1825,1820.5,1821.57,2675,1592.35,188206,342831124.6,19250
28-11-23,1830,1891.5,1825,1820.5,1870,1869,1872.25,2675,1592.35,934618,1749840239.4,58546
29-11-23,1886,1887.15,1861.1,1869,1873,1871.8,1871.63,2675,1592.35,398562,745961281.65,26480
30-11-23,1871.8,1891,1850,1871.8,1885,1875.55,1871.39,2675,1592.35,2698012,5049042954.8,65312
1-12-23,1899.05,1911.2,1885.9,1875.55,1900.5,1900.25,1898.73,2675,1592.35,465342,883557107.05,29110
4-12-23,1979,2031.8,1950,1900.25,2023,2019.5,1997.49,2675,1592.35,1802093,3599665348.75,95738
5-12-23,2023,2193,2013.75,2019.5,2184,2184.8,2129.87,2675,1592.35,3873194,8249381531.65,209314
6-12-23,2201,2218,2114,2184.8,2130,2128.25,2158.34,2675,1592.35,1764074,3807475263.1,105526
7-12-23,2143.95,2153.55,2118.6,2128.25,2140.3,2141.55,2138.63,2675,1592.35,558084,1193537930.8,47448
8-12-23,2145,2158.15,2100.3,2141.55,2132,2137.8,2132.44,2675,1592.35,524686,1118863275.6,58872
11-12-23,2132.45,2185,2111,2137.8,2179,2179.2,2156.22,2675,1592.35,771231,1662944688.45,46148
12-12-23,2192,2207.95,2162.05,2179.2,2175.6,2175.45,2184.38,2675,1592.35,542040,1184022316.6,42887
13-12-23,2179.45,2206,2150,2175.45,2179,2184.2,2177.36,2675,1592.35,511464,1113639609.35,32623
14-12-23,2199,2251.05,2192.3,2184.2,2230,2234.3,2223.03,2675,1592.35,831020,1847379520.7,57086
15-12-23,2239.95,2241.5,2206,2234.3,2217.65,2212.35,2220.01,2675,1592.35,362643,805071593.8,23461
18-12-23,2232,2240.8,2211,2212.35,2240,2237.25,2232.1,2645.95,1592.35,312895,698413105.65,19610
19-12-23,2238,2254,2187.7,2237.25,2207,2202.75,2207.53,2645.95,1592.35,445489,983431633.5,37232
20-12-23,2209,2217.05,2070,2202.75,2074,2086.65,2157.97,2645.95,1592.35,895756,1933017971.15,46685
21-12-23,2055,2115,2046.05,2086.65,2109.9,2107.4,2096.31,2645.95,1592.35,505610,1059915549.6,32901
22-12-23,2120,2122.95,2079,2107.4,2090,2090.75,2105.04,2645.95,1592.35,444653,936012237.6,20838
26-12-23,2099.9,2129.45,2092.55,2090.75,2119.85,2113.55,2111.48,2488,1592.35,255820,540159295.85,15498
27-12-23,2134,2174.9,2134,2113.55,2170,2168.55,2158.27,2488,1592.35,875390,1889329516.45,50121
28-12-23,2179.9,2181.75,2158.1,2168.55,2176,2170.7,2169.2,2488,1592.35,339907,737325490.3,21758
29-12-23,2173.95,2215.6,2171.65,2170.7,2208,2211.25,2197.7,2488,1592.35,428894,942581705.25,27601
1-1-24,2212,2260,2208.65,2211.25,2245,2243.3,2238.13,2488,1592.35,531769,1190169481.8,29460
2-1-24,2244,2278,2214.9,2243.3,2265.2,2267.3,2243.18,2488,1592.35,534118,1198123822.55,33623
3-1-24,2283,2333.8,2255,2267.3,2277.8,2280.2,2294.1,2488,1592.35,1440573,3304819528.35,72360
4-1-24,2299.8,2367.25,2273.55,2280.2,2350,2358.2,2332.36,2488,1592.35,853756,1991265076.9,38522
5-1-24,2357.95,2403.8,2340.05,2358.2,2375,2377.45,2379.14,2488,1592.35,644750,1533952803,43037
8-1-24,2400.05,2407.1,2329.75,2377.45,2360,2354.75,2359.95,2488,1592.35,538613,1271097556.4,33745
9-1-24,2371.95,2386.5,2297.2,2354.75,2302,2309.65,2357.91,2488,1592.35,426967,1006750357.9,28833
10-1-24,2312,2327,2293.2,2309.65,2309.95,2306.6,2309.64,2488,1592.35,184435,425978821,15141
11-1-24,2318.9,2338.8,2295.05,2306.6,2323,2321.75,2319.04,2488,1592.35,183821,426287896.3,16028
12-1-24,2335,2347.15,2320,2321.75,2334.5,2332.4,2336,2488,1592.35,381875,892061104.35,19063
15-1-24,2344,2344,2315.7,2332.4,2321.85,2320.4,2328.07,2418,1592.35,136365,317467834,10245
16-1-24,2309.05,2327.4,2282.1,2320.4,2296.5,2294.45,2303.28,2418,1592.35,202836,467188735.75,14773
17-1-24,2289,2324,2247.65,2294.45,2250.5,2251.8,2285,2418,1592.35,296563,677646783.75,26424
18-1-24,2246,2267.1,2201.05,2251.8,2266,2260.1,2242.32,2418,1592.35,228207,511712615.05,17486
19-1-24,2273,2283.15,2237.55,2260.1,2277.1,2277.1,2261.31,2418,1592.35,230851,522024714.45,34291
20-1-24,2279,2310,2250.05,2277.1,2284,2290.1,2276.22,2418,1592.35,254530,579366714.75,20494
23-1-24,2309,2311.4,2199.5,2290.1,2220.95,2207.95,2248.05,2407.1,1592.35,277970,624891226.3,30801
24-1-24,2206,2248.45,2190,2207.95,2232.5,2240.6,2220.95,2407.1,1592.35,213154,473404546.25,25763
25-1-24,2248.7,2563.75,2238.85,2240.6,2509,2467.65,2385.08,2563.75,1592.35,3008170,7174721223.65,153604
29-1-24,2520.05,2565,2455,2467.65,2496.8,2492.9,2507.06,2565,1592.35,1663558,4170635431.5,111371
30-1-24,2508,2577.8,2496.85,2492.9,2520,2513.15,2543.36,2577.8,1592.35,957680,2435726874.4,77713
31-1-24,2514,2584,2469.2,2513.15,2545,2544.3,2542.26,2584,1592.35,752943,1914180252.3,56545
1-2-24,2553.4,2566,2511.7,2544.3,2520.3,2530,2536.91,2584,1592.35,424201,1076159622.35,40639
2-2-24,2552.8,2563.9,2490,2530,2500,2499.45,2516.87,2584,1592.35,240193,604535126.75,22369
5-2-24,2510,2523.5,2469.65,2499.45,2481.95,2486.2,2498.19,2584,1592.35,234406,585590449.55,23039
6-2-24,2485.8,2533,2469.25,2486.2,2527,2528.25,2509.65,2584,1592.35,201246,505056165.95,18202
7-2-24,2535,2556,2494.8,2528.25,2514.85,2505.55,2516.54,2584,1592.35,246866,621248199.05,24905
8-2-24,2517.1,2539.95,2503.35,2505.55,2520,2510.85,2521.17,2584,1592.35,190668,480707021.3,17857
9-2-24,2520,2645,2506.8,2510.85,2629.7,2628.05,2596.48,2645,1592.35,1828299,4747139362.4,134813
12-2-24,2646,2691.45,2610.5,2628.05,2625,2636.35,2649.8,2691.45,1592.35,785117,2080403387,58345
13-2-24,2635.55,2635.55,2562.85,2636.35,2610.15,2614.6,2604.25,2691.45,1592.35,413974,1078092573.95,39607
14-2-24,2599.05,2646.6,2585.3,2614.6,2627,2619.6,2616.33,2691.45,1592.35,458027,1198350172.25,25521
15-2-24,2635.05,2651.95,2608.75,2619.6,2639.75,2637.65,2631.24,2691.45,1592.35,261121,687071045.65,25559
16-2-24,2649.95,2746.4,2642.3,2637.65,2721.5,2720.4,2717.2,2746.4,1592.35,1169085,3176638877.75,75762
19-2-24,2744,2744,2660.4,2720.4,2672.05,2670.5,2687.64,2746.4,1592.35,273523,735131221.85,23055
20-2-24,2674,2715,2657.2,2670.5,2687,2686.7,2685.32,2746.4,1592.35,459876,1234915261.05,33971
21-2-24,2690,2719,2651.1,2686.7,2660,2666.75,2688.27,2746.4,1592.35,383105,1029889042,34633
22-2-24,2676.8,2687.8,2636,2666.75,2680,2680.1,2659.08,2746.4,1592.35,261578,695556811.65,22198
23-2-24,2677.1,2718,2665,2680.1,2675.25,2679.55,2693.59,2746.4,1592.35,419808,1130789385.65,34456
26-2-24,2679.1,2720,2668.05,2679.55,2673.3,2674.65,2692.55,2746.4,1592.35,416193,1120620157.45,32535
27-2-24,2666.65,2688,2660.5,2674.65,2666.15,2669.4,2675.18,2746.4,1592.35,189689,507452991.2,21803
28-2-24,2669.4,2683.35,2567,2669.4,2569,2573.25,2607.59,2746.4,1592.35,374995,977835043,32769
29-2-24,2570,2662,2556.2,2573.25,2662,2629.3,2617.54,2746.4,1592.35,442487,1158226258.55,29219
1-3-24,2650,2704.85,2636.35,2629.3,2699,2695.45,2668.91,2746.4,1592.35,295468,788578800.9,26136
2-3-24,2700.15,2720,2676.1,2695.45,2700,2702.55,2706.56,2746.4,1592.35,30198,81732837.95,1995
4-3-24,2710,2723.15,2688.6,2702.55,2699.95,2695.65,2706.94,2746.4,1592.35,246474,667190321.55,18398
5-3-24,2705,2705,2660,2695.65,2665,2668.75,2675.47,2746.4,1592.35,148918,398425450,15485
6-3-24,2665,2673.4,2596.95,2668.75,2652,2642,2626.06,2746.4,1592.35,217355,570787840.05,23992
7-3-24,2642,2656.85,2615.3,2642,2640,2638.8,2635.61,2746.4,1592.35,149670,394471122.65,14329
11-3-24,2645,2677.1,2635,2638.8,2648,2641.9,2657.04,2746.4,1592.35,216685,575741335.65,21059
12-3-24,2642,2659.35,2550.05,2641.9,2550.4,2561.6,2584.96,2746.4,1592.35,288886,746757413.3,30670
13-3-24,2565,2575.65,2354.45,2561.6,2389.15,2389.1,2445.02,2746.4,1592.35,512003,1251858653.6,66100
14-3-24,2387,2489.3,2347.2,2389.1,2485,2482.1,2453.58,2746.4,1592.35,350605,860237920.75,40714
15-3-24,2482.1,2523.95,2426.55,2482.1,2501.1,2502.95,2477.23,2746.4,1592.35,333506,826170789,35609
18-3-24,2480.1,2480.1,2393.05,2502.95,2443.45,2441.55,2440.09,2746.4,1592.35,612586,1494766320.45,57385
19-3-24,2442.8,2449.85,2375.75,2441.55,2410,2403.4,2407.83,2746.4,1592.35,340416,819663408.8,37324
20-3-24,2409.05,2431.45,2371.05,2403.4,2402,2397.7,2396.82,2746.4,1592.35,218650,524065131.65,24426
21-3-24,2429,2450.9,2400.05,2397.7,2440,2438.85,2434.81,2746.4,1592.35,142027,345808399.5,11608
22-3-24,2439.05,2458,2415.55,2438.85,2445,2443.25,2437.44,2746.4,1592.35,328757,801324337.7,21023
26-3-24,2430,2477.2,2429.6,2443.25,2454.8,2450,2453.43,2746.4,1592.35,186745,458165355.6,19014
27-3-24,2463.95,2500,2448.55,2450,2458.6,2454.1,2477.67,2746.4,1592.35,357536,885855409.15,44427
28-3-24,2478,2505,2453.2,2454.1,2482,2491.7,2488.98,2746.4,1592.35,326365,812314711.3,33720
1-4-24,2510,2555.65,2497.1,2491.7,2542,2544.55,2531.4,2746.4,1651.6,436532,1105035386.9,41006
2-4-24,2555,2658,2545.85,2544.55,2641.9,2648.65,2603.95,2746.4,1651.6,493639,1285409671.6,41593
3-4-24,2625,2657,2606,2648.65,2636.2,2633.95,2636.65,2746.4,1651.6,331703,874585071.9,28625
4-4-24,2648.9,2666.7,2590.1,2633.95,2623,2616.25,2623.01,2746.4,1651.6,206549,541780751,20485
5-4-24,2615,2628.75,2564.25,2616.25,2576,2575.1,2582.07,2746.4,1651.6,279335,721261809.6,28323
8-4-24,2595.9,2607,2540,2575.1,2580.65,2582.45,2588.79,2746.4,1700,311791,807161160,24817
9-4-24,2583,2598.3,2515,2582.45,2525,2524.3,2541.29,2746.4,1700,441705,1122498861.85,38664
10-4-24,2524.3,2542,2513.75,2524.3,2524.4,2524.7,2527.97,2746.4,1700,168415,425747571.45,15197
12-4-24,2524.7,2532.5,2460,2524.7,2471,2468.3,2491.81,2746.4,1700,262400,653851907.55,23388
15-4-24,2465,2478.6,2407.05,2468.3,2441,2442.45,2451.08,2746.4,1700,228287,559548736.35,27768
16-4-24,2422.1,2457,2414,2442.45,2454.75,2442.65,2440.61,2746.4,1700,287633,701999416.75,25694
18-4-24,2480,2484.05,2400.15,2442.65,2425.1,2412,2443.51,2746.4,1700,228173,557543304.8,24488
19-4-24,2396,2416.95,2368,2412,2404.5,2405.15,2397.99,2746.4,1700,312710,749875123,29454
22-4-24,2427.45,2427.45,2370.2,2405.15,2404.5,2403.55,2400.59,2746.4,1700,572343,1373960619.3,32177
23-4-24,2428,2462.8,2401.3,2403.55,2456.95,2452.6,2437.49,2746.4,1700,450921,1099115954.4,40808
24-4-24,2467,2574,2467,2452.6,2565.1,2556.4,2535.93,2746.4,1700,885613,2245856744.5,57409
25-4-24,2567.9,2609.55,2515.5,2556.4,2573,2579.6,2574.8,2746.4,1700,2388925,6151011296.2,135195
26-4-24,2607.05,2610,2516,2579.6,2532.75,2533.05,2542.7,2746.4,1700,1110755,2824315603.8,61524
29-4-24,2535,2561.5,2516.05,2533.05,2533,2525.4,2540.61,2746.4,1704.45,725621,1843517475.3,52624
30-4-24,2551,2554.7,2525,2525.4,2530,2531.8,2538.29,2746.4,1704.45,431087,1094222617.85,29200
2-5-24,2544,2552,2521.5,2531.8,2529,2529.45,2532.55,2746.4,1704.45,477663,1209703909.65,32264
3-5-24,2544.7,2564,2503.05,2529.45,2530.95,2531.4,2533.51,2746.4,1704.45,521596,1321469945.05,51859
6-5-24,2546,2551.4,2482,2531.4,2483,2489.5,2513.33,2746.4,1704.45,477174,1199296930.75,26267
7-5-24,2490,2516.2,2422,2489.5,2430,2436.45,2467.52,2746.4,1704.45,588553,1452266682.3,45409
8-5-24,2436.5,2455,2421.05,2436.45,2443.4,2439.6,2442.05,2746.4,1704.45,396644,968623794,33907
9-5-24,2443.45,2454.9,2403,2439.6,2406.05,2416.15,2431.68,2746.4,1704.45,316035,768495597.65,20849
10-5-24,2427,2439.75,2355.45,2416.15,2363.95,2360.15,2391.68,2746.4,1704.45,547547,1309558275.3,33112
13-5-24,2374,2377.95,2331.55,2360.15,2368,2363.75,2357.17,2746.4,1704.45,320038,754384335.8,27325
14-5-24,2375,2469.4,2375,2363.75,2462.5,2463.5,2427.46,2746.4,1704.45,747111,1813581136.35,60863
15-5-24,2477.95,2502,2451.3,2463.5,2480,2489.15,2479.98,2746.4,1704.45,474968,1177910742.35,26327
16-5-24,2498.8,2500.35,2461.1,2489.15,2489.85,2486.1,2479.02,2746.4,1704.45,444321,1101481821.95,32112
17-5-24,2492.35,2527.95,2486.2,2486.1,2515.25,2521.95,2507.85,2746.4,1704.45,451244,1131651964.8,40213
18-5-24,2534.4,2565,2501,2521.95,2518.75,2525.95,2532.45,2746.4,1704.45,40399,102308559.25,2508
21-5-24,2525.95,2559.9,2482.9,2525.95,2520.05,2527.85,2525.44,2746.4,1730.95,322930,815541709.95,26905
22-5-24,2531,2548.15,2495,2527.85,2544,2543.35,2534.15,2746.4,1730.95,396208,1004051506.65,25956
23-5-24,2549.8,2627.95,2518.1,2543.35,2613,2616.4,2584.05,2746.4,1730.95,789007,2038831191.35,43590
24-5-24,2620,2662.8,2597.9,2616.4,2612,2609.25,2628.6,2746.4,1730.95,746571,1962433207.5,50469
27-5-24,2615,2624.8,2572.95,2609.25,2576,2585.1,2590.03,2746.4,1754,374739,970585003.4,27295
28-5-24,2582.95,2593.6,2552,2585.1,2572,2570.55,2575.89,2746.4,1754,302161,778332540.75,23688
29-5-24,2564.95,2570,2523.85,2570.55,2531.8,2536.5,2541.45,2746.4,1754,463000,1176691694.45,22279
30-5-24,2528.75,2545,2485.05,2536.5,2503,2496.95,2509.75,2746.4,1754,241520,606155732.55,20488
31-5-24,2515,2570.1,2498.05,2496.95,2552.45,2546.4,2536.37,2746.4,1754,581377,1474587577,36199
3-6-24,2670,2702.7,2603.4,2546.4,2701.75,2682.8,2655.34,2746.4,1754,1017937,2702968816.9,55518
4-6-24,2679.95,2679.95,2150,2682.8,2280,2282.05,2382.71,2746.4,1754,1495201,3562632975.65,102840
5-6-24,2349.95,2425,2236.3,2282.05,2407,2401.6,2357.21,2746.4,1754,662576,1561831798.8,52084
6-6-24,2431.6,2506.2,2431.6,2401.6,2461,2453.55,2471.14,2746.4,1754,475470,1174951218,40557
7-6-24,2467.4,2507.75,2451.4,2453.55,2499.85,2499.1,2485.33,2746.4,1754,329255,818308162.95,33485
10-6-24,2519.45,2566,2499.1,2499.1,2543.55,2543.1,2544.89,2746.4,1754,425202,1082090541.5,35401
11-6-24,2575,2575,2545.1,2543.1,2556.7,2563.6,2564.46,2746.4,1754,516274,1323961801.4,29578
12-6-24,2565.05,2639,2551.8,2563.6,2616.35,2624.4,2588.53,2746.4,1754,692186,1791743207.95,42220
13-6-24,2642,2644,2610.6,2624.4,2628.1,2635.8,2629.6,2746.4,1754,384618,1011390048.05,33302
14-6-24,2664,2714,2651.15,2635.8,2662,2661.7,2674.33,2746.4,1754,706685,1889905736.65,46635
18-6-24,2694,2694.55,2646.4,2661.7,2648.1,2652,2659.36,2746.4,1754,201421,535651600.55,14809
19-6-24,2653,2657.2,2590.55,2652,2628,2621.55,2618.33,2746.4,1754,226033,591828302.85,21546
20-6-24,2635,2641.2,2611.55,2621.55,2625,2622.65,2622.36,2746.4,1754,321036,841870653.6,18501
21-6-24,2637,2650,2579,2622.65,2586.7,2590.2,2613.72,2746.4,1754,291043,760705824.75,23348
24-6-24,2585,2596.6,2519.05,2590.2,2595.7,2588.25,2558.25,2746.4,1754,331999,849336363.8,21618
25-6-24,2608,2608,2549.2,2588.25,2574.35,2569.7,2574.83,2746.4,1754,680725,1752753887.65,18686
26-6-24,2575,2654,2562.05,2569.7,2583.75,2590.9,2621.4,2746.4,1754,1036940,2718232410.8,57958
27-6-24,2571.05,2671.85,2571,2590.9,2647.75,2637,2631.66,2746.4,1754,963244,2534932003,61799
28-6-24,2641.25,2650,2612.65,2637,2615.05,2619.05,2626.26,2746.4,1754,328851,863646705.1,27117
1-7-24,2634.75,2769,2619.1,2619.05,2751.3,2749.6,2722.22,2769,1762.65,895260,2437092913.6,66207
2-7-24,2768,2844,2720.3,2749.6,2768,2772.25,2788.8,2844,1762.65,1487394,4148038625.65,90642
3-7-24,2788.85,2798,2749.8,2772.25,2763,2767.6,2771.07,2844,1762.65,380778,1055161602.05,29651
4-7-24,2773,2791.25,2675,2767.6,2726,2725.5,2725.3,2844,1762.65,602032,1640719027.9,42581
5-7-24,2734,2740.25,2648.45,2725.5,2660.65,2669.5,2684.33,2844,1762.65,363575,975957054.25,26130
8-7-24,2670.1,2708.25,2661.5,2669.5,2680,2673.05,2684.22,2844,1762.65,359425,964776897.6,32453
9-7-24,2673.05,2714.7,2644.05,2673.05,2684.9,2685.8,2677.04,2844,1762.65,421750,1129040762.75,38150
10-7-24,2696,2696,2586.5,2685.8,2660.75,2653.05,2636.83,2844,1762.65,348232,918227818.9,35619
11-7-24,2680,2740,2653.3,2653.05,2669.25,2664.4,2697.99,2844,1762.65,758235,2045710305.7,55749
12-7-24,2670,2712.25,2662.7,2664.4,2688.45,2686.15,2685.27,2844,1762.65,285276,766042792.2,22164
15-7-24,2690,2724.35,2686.7,2686.15,2697.4,2695.7,2705.28,2844,1762.65,198532,537085061.25,19165
16-7-24,2707,2744.25,2695.3,2695.7,2711.05,2715.85,2718.43,2844,1762.65,446114,1212728337.85,25993
18-7-24,2716.5,2719.9,2671.15,2715.85,2675.5,2686.45,2692.3,2844,1762.65,351258,945692952.35,21139
19-7-24,2678,2687,2596.15,2686.45,2613,2619.8,2631.63,2844,1762.65,393251,1034892604.1,32085
22-7-24,2621,2670.9,2620,2619.8,2642.7,2635.05,2646.65,2844,1773.6,275075,728026461.2,26718
23-7-24,2640,2699.9,2556.8,2635.05,2647.95,2646.55,2658.31,2844,1773.6,681428,1811447562.9,43520
24-7-24,2647,2659.8,2612.9,2646.55,2625,2619.35,2632.86,2844,1773.6,237514,625340362.75,19311
25-7-24,2619,2619,2571.05,2619.35,2580,2578.9,2587.62,2844,1773.6,432019,1117898896.95,25923
26-7-24,2599,2640.35,2583.75,2578.9,2624,2614.15,2618.71,2844,1773.6,410895,1076016874.15,23506
29-7-24,2640,2691.9,2589.3,2614.15,2614.25,2604.3,2638.75,2844,1803,833787,2200151612.85,64363
30-7-24,2560,2614.75,2525,2604.3,2595,2590.75,2589.32,2844,1803,933857,2418054907.15,61383
31-7-24,2590.75,2611,2570,2590.75,2590,2590.65,2594.3,2844,1803,456361,1183936767.3,24198
1-8-24,2590,2590.55,2483,2590.65,2485,2487.9,2513.83,2844,1803,1165948,2930999912.1,75859
2-8-24,2484.95,2485,2431,2487.9,2440,2435.3,2449.18,2844,1803,674689,1652434333.3,83786
5-8-24,2415,2443.4,2342,2435.3,2385.5,2380.6,2381.93,2844,1803,680437,1620753859.95,58615
6-8-24,2400,2428,2336,2380.6,2346.05,2342.35,2388.48,2844,1803,430887,1029163002.15,28858
7-8-24,2379.8,2403.15,2365.5,2342.35,2397.5,2396.1,2385.3,2844,1803,332764,793741746.75,23189
8-8-24,2394.55,2395,2350,2396.1,2354.95,2357.2,2370.97,2844,1803,226629,537330141.3,19240
9-8-24,2375.6,2382.15,2341.05,2357.2,2351.4,2351.55,2359.1,2844,1803,192288,453626841.55,18193
12-8-24,2315,2340,2292.9,2351.55,2329,2313.6,2318.01,2844,1803,605271,1403026534.7,35457
13-8-24,2333,2366.2,2300.05,2313.6,2305.75,2304.8,2326.9,2844,1803,347684,809025749.6,33668
14-8-24,2314.4,2322,2267.7,2304.8,2282,2281.95,2284.63,2844,1803,179492,410072828.05,19969
16-8-24,2300,2339.9,2290.5,2281.95,2339.8,2337.9,2316.23,2844,1803,192352,445530605.95,16970
19-8-24,2349,2354.95,2329,2337.9,2349.8,2347.45,2342.22,2844,1803,170480,399302342.15,16243
20-8-24,2355,2364.95,2319.9,2347.45,2329,2325.75,2334.81,2844,1803,329779,769972775.5,26019
21-8-24,2330.95,2342.3,2316.1,2325.75,2328.5,2325.15,2326.9,2844,1803,227691,529813201,19119
22-8-24,2339,2363.3,2316.55,2325.15,2352,2348.6,2344.4,2844,1803,323227,757774500.55,23730
23-8-24,2372,2377.95,2312.65,2348.6,2327.85,2323.75,2331.11,2844,1803,449614,1048098644.95,33268
26-8-24,2344,2350,2320,2323.75,2344,2343.3,2335.45,2844,1803,195372,456282073,16468
27-8-24,2345,2357.5,2335.25,2343.3,2346,2348.25,2346.62,2844,1803,137747,323239554.65,12292
28-8-24,2358,2358,2326,2348.25,2333,2330.35,2339.14,2844,1803,142265,332778271.4,12446
29-8-24,2334.8,2334.8,2286.7,2330.35,2310,2310.2,2303.03,2844,1803,552439,1272280937.7,36809
30-8-24,2323.75,2339,2312.15,2310.2,2331,2329.15,2328.88,2844,1803,173170,403291499.3,14419
2-9-24,2338.8,2343.15,2322.7,2329.15,2336.2,2336.15,2333.67,2844,1803,144030,336118992.25,15352
3-9-24,2345,2350.2,2325.25,2336.15,2344,2341.3,2338.11,2844,1803,254851,595869570.25,18695
4-9-24,2330,2357,2318,2341.3,2348.65,2348.55,2345.59,2844,1803,230090,539697662.8,18428
5-9-24,2363,2449.9,2360,2348.55,2423,2419.8,2417.75,2844,1803,1321066,3194008312.65,77408
6-9-24,2422.8,2446,2368.6,2419.8,2431.6,2429.4,2419.07,2844,1803,914785,2212928580.1,40382
9-9-24,2434.35,2465,2387.4,2429.4,2460,2458.7,2434.38,2844,1803,452538,1101649196.1,34648
10-9-24,2458.7,2465.9,2434.05,2458.7,2443,2443.35,2448.55,2844,1803,166581,407881370.9,15883
11-9-24,2445.05,2474,2430,2443.35,2439,2440.65,2453.91,2844,1803,482136,1183119877.5,31762
12-9-24,2445.1,2475,2423.4,2440.65,2473.75,2467.4,2455.45,2844,1803,270892,665160951.9,18191
13-9-24,2471.75,2524.95,2453.3,2467.4,2515,2517.45,2503.28,2844,1803,611308,1530275964.95,43983
16-9-24,2517.45,2533.5,2499.5,2517.45,2510,2512,2516.41,2844,1803,217216,546604321.15,20109
17-9-24,2512,2517,2486.05,2512,2496,2506.7,2504.27,2844,1803,369014,924110426.2,28823
18-9-24,2500,2523.55,2454.05,2506.7,2471.2,2477.4,2489.79,2844,1803,174625,434780333.95,19889
19-9-24,2490,2492,2416,2477.4,2449,2442.85,2448.17,2844,1803,197882,484449141.85,23600
20-9-24,2449,2458.1,2413.4,2442.85,2440,2443.2,2433.57,2844,1803,527393,1283447470.15,27641
23-9-24,2458.4,2500,2434.6,2443.2,2486,2486.3,2476.37,2844,1803,357027,884130619.9,36053
24-9-24,2500,2500,2454.8,2486.3,2475,2467.65,2467.52,2844,1803,425562,1050083653.8,22926
25-9-24,2472.95,2492.05,2448,2467.65,2455,2455.9,2468.48,2844,1803,205681,507719455.85,20704
26-9-24,2460,2477.95,2427.5,2455.9,2474.9,2472.4,2449.83,2844,1803,397193,973056957.45,29885
27-9-24,2440,2514.85,2440,2472.4,2474.1,2483.3,2494.69,2844,1803,228890,571008713.65,22426
30-9-24,2483,2544.9,2472.05,2483.3,2509,2513.45,2523.08,2844,1803,468555,1182199510.65,43549
1-10-24,2514,2519.4,2476,2513.45,2511,2511,2504.46,2844,1803,187093,468567310.05,15514
3-10-24,2479.95,2516.3,2430.05,2511,2463.9,2458.75,2475.37,2844,1803,240975,596501350.95,26955
4-10-24,2458.75,2482.15,2415.05,2458.75,2439.05,2433.75,2437.38,2844,1803,308510,751957162.4,19411
7-10-24,2441.95,2449.5,2310.8,2433.75,2351,2349.05,2350.9,2844,1803,833948,1960528958.85,63417
8-10-24,2340,2393.2,2332,2349.05,2388.2,2385.8,2367.94,2844,1803,183919,435509551.65,23159
9-10-24,2391,2404.8,2334,2385.8,2337.8,2339.8,2358.42,2844,1803,285800,674037369.1,31944
10-10-24,2350.2,2357.7,2290,2339.8,2315,2313,2309.88,2844,1803,340234,785900588.75,31811
11-10-24,2319,2332,2300.4,2313,2316,2312.45,2312.7,2844,1803,160881,372069753.3,14471
14-10-24,2317.05,2325.3,2300.05,2312.45,2322.85,2317.55,2311.45,2844,1803,116090,268336247.5,11426
15-10-24,2317,2330.45,2290.55,2317.55,2294.4,2294.8,2300.12,2844,1803,355987,818811090.55,20301
16-10-24,2308.6,2319,2272.5,2294.8,2309.6,2305.5,2289.91,2844,1803,283830,649944803.05,22584
17-10-24,2308.95,2318.9,2256.55,2305.5,2266,2265.1,2271.95,2844,1803,233994,531621999.15,18832
18-10-24,2265.1,2289.65,2236.15,2265.1,2283,2285.65,2262.45,2844,1803,205894,465823917.15,16755
21-10-24,2300,2320,2282,2285.65,2301.5,2301.65,2301.54,2844,1803,196371,451956398.3,21791
22-10-24,2301.65,2329.9,2240,2301.65,2258.5,2246.35,2276.93,2844,1803,260869,593979730.4,23098
23-10-24,2248.35,2288,2231.2,2246.35,2260.1,2256.8,2260.33,2844,1803,284014,641963980.45,25681
24-10-24,2230,2294.1,2204,2256.8,2261.95,2270.2,2255.06,2844,1803,1092773,2464263671.2,92554
25-10-24,2250,2263.45,2187.55,2270.2,2250,2237.8,2225.87,2844,1803,339791,756330616.35,30013
28-10-24,2220,2309.9,2201.25,2237.8,2291,2288.7,2266.24,2844,1803,361658,819603457.9,32800
29-10-24,2288.8,2332.7,2273.7,2288.7,2328,2328.65,2306.8,2844,1803,203254,468867229.75,23201
30-10-24,2329.35,2378.4,2298.95,2328.65,2323.95,2331.9,2349.86,2844,1803,295110,693467577.6,23978
31-10-24,2332,2346,2291.25,2331.9,2317.35,2320.4,2315.58,2844,1803,225475,522106372.75,22742
1-11-24,2339,2339,2317.05,2320.4,2328,2327.85,2330.42,2844,1803,30732,71618615.45,3324
4-11-24,2327.9,2337,2276,2327.85,2287.9,2289.45,2292.02,2844,1803,141614,324581716.2,15610
5-11-24,2287,2324.4,2283.9,2289.45,2321,2319.4,2308.91,2844,1803,123477,285097809.2,15480
6-11-24,2325.75,2367,2318.75,2319.4,2359.35,2359.55,2349.69,2844,1803,137340,322707037.35,14730
7-11-24,2360,2365,2296.4,2359.55,2320,2320.55,2323.3,2844,1803,312748,726607812.25,36380
8-11-24,2325,2334.45,2284,2320.55,2290,2291.4,2299.97,2844,1803,120812,277863912.8,16425
11-11-24,2288,2295.85,2262.6,2291.4,2273.45,2272.75,2276.96,2844,1803,86617,197223846,12363
12-11-24,2282.85,2293,2257,2272.75,2257,2263.9,2273.31,2844,1803,128192,291420089.45,16368
13-11-24,2257,2270.35,2190.1,2263.9,2206.7,2197.8,2218.49,2844,1803,154307,342328015.9,20592
14-11-24,2198.9,2214.95,2178.05,2197.8,2192.95,2188.15,2193.77,2844,1803,194258,426157786.15,24522
18-11-24,2200,2211.9,2162.9,2188.15,2193.2,2187.4,2188.71,2844,1803,96713,211676234.7,12929
19-11-24,2193.7,2231.55,2170.05,2187.4,2184.8,2185.7,2207.61,2844,1803,98826,218169433.45,12219
21-11-24,1986,2052.3,1868.2,2185.7,2011,2027.2,1960.94,2844,1803,3493607,6850751171.9,211158