date,Open,High,Low,PREV_CLOSE,LTP,Close,VWAP,52W_H,52W_L,VOLUME ,VALUE ,Trades
3-1-22,378.75,389.45,378.2,377.5,387,387,384.61,442.5,241.75,1643912,632257075.85,26185
4-1-22,387.55,391.7,383.3,387,390.25,390.45,389.15,442.5,241.75,3034913,1181040945.5,34257
5-1-22,389.95,394.65,388.75,390.45,393.2,393.7,392.57,442.5,241.75,1521048,597110984.35,22402
6-1-22,390.1,393,383.55,393.7,386.1,387.05,387.59,442.5,241.75,2579347,999719450.4,30633
7-1-22,387.05,401.95,387.05,387.05,396.55,397.25,395.66,442.5,241.75,2731750,1080856461.1,51449
10-1-22,400,401.95,397.3,397.25,399.45,399.35,399.53,442.5,241.75,2408661,962324959.2,26597
11-1-22,401,405,393.35,399.35,396.6,397.65,398.96,442.5,241.75,2105501,840006683.9,46022
12-1-22,398.25,402.7,395.65,397.65,397.8,397.9,398.26,442.5,241.75,1370663,545882635.25,38871
13-1-22,399,400.5,394.65,397.9,397.05,396.4,397.87,442.5,241.75,2490304,990810297.15,21598
14-1-22,395.1,405,394.2,396.4,402,402.7,401.99,442.5,241.75,2146874,863018846.55,32589
17-1-22,403.5,408.7,395,402.7,407.5,407.8,403.34,442.5,241.75,3057067,1233036126.1,55715
18-1-22,410,410,379,407.8,379.95,380.65,389.61,442.5,241.75,7265319,2830621739.15,105644
19-1-22,381.95,382,373.1,380.65,375,374.85,375.83,442.5,241.75,3999114,1502993898.45,64168
20-1-22,375.25,379.8,372.45,374.85,375.9,375.1,375.01,442.5,241.75,3354873,1258118805.9,42116
21-1-22,374.6,374.6,364.05,375.1,369.3,368.65,369.43,442.5,241.75,1426135,526850417.95,34327
24-1-22,368,371.2,349,368.65,351.95,352.85,354.94,442.5,241.75,4250468,1508675206.5,49829
25-1-22,351.95,356.5,343.45,352.85,352,351.5,351.36,442.5,241.75,3178488,1116790474.65,54549
27-1-22,350.9,354.3,340.45,351.5,351.9,351.65,348,442.5,241.75,2852549,992675054.95,48460
28-1-22,354.4,367.1,353,351.65,360.1,360.7,362.11,442.5,241.75,3157848,1143480439.05,43808
31-1-22,364.6,369.25,363,360.7,365,365.15,365.94,442.5,242.1,1955762,715696857.2,42556
1-2-22,370,382.85,366.5,365.15,382,380.4,375.02,442.5,242.1,6354846,2383213489.8,90754
2-2-22,383.7,386.3,377.85,380.4,380.05,380,382.51,442.5,242.1,3322525,1270911358.65,34793
3-2-22,377.3,384.3,377.3,380,381,381.9,382.46,442.5,242.1,3772405,1442798686.05,56782
4-2-22,383,384.9,378,381.9,379.25,380.4,382.58,442.5,242.1,5637748,2156909529.9,75719
7-2-22,380,383.9,374.2,380.4,382.55,382.65,379.68,442.5,263.15,2535377,962638406.4,65673
8-2-22,383,386.1,373.25,382.65,376.9,376.3,378.59,442.5,263.15,2089451,791053287.45,27285
9-2-22,379.35,385.9,376.85,376.3,383.5,382.8,382.27,442.5,263.15,2140597,818291408.8,33325
10-2-22,381.75,384.4,373.4,382.8,374.75,374.85,376.43,442.5,263.15,4638095,1745939542,63320
11-2-22,375,375.85,366.6,374.85,367.05,367.9,370.31,442.5,263.15,2050063,759156884.95,38304
14-2-22,362,365,354.05,367.9,355,355.1,359.41,442.5,263.15,1341336,482087122.35,28535
15-2-22,357,365,353.75,355.1,364.5,363.55,359.59,442.5,263.15,2027130,728925875,31512
16-2-22,365.1,367.85,359.5,363.55,360.65,360.7,364.37,442.5,263.15,1368175,498527820,23257
17-2-22,362.5,364.5,357.5,360.7,358.75,359.8,360.31,442.5,263.15,1439893,518806904.15,20810
18-2-22,352.7,354,337.2,359.8,338.5,338.35,342.56,442.5,263.15,11901556,4076988751.7,154766
21-2-22,334.2,341.3,331.25,338.35,339.2,338.55,337.01,442.5,263.15,5812598,1958905617.8,86922
22-2-22,334,338.45,331.1,338.55,337.3,337.35,335.32,442.5,263.15,3078034,1032119343.65,40636
23-2-22,338.9,340.5,329.6,337.35,330,330.95,334.17,442.5,263.15,5312647,1775335731.25,55919
24-2-22,316,322.35,302.05,330.95,307.35,306.95,311.99,442.5,263.15,12821969,4000318508.7,163333
25-2-22,311,315.95,306.1,306.95,309.65,308.7,311.31,442.5,263.15,5240212,1631328924.6,63117
28-2-22,306.3,315.95,302.95,308.7,315.45,314.25,310.51,442.5,273.5,7116898,2209898284,65609
2-3-22,312.8,314.85,301,314.25,305.1,304.15,305.76,442.5,273.5,6623505,2025199219.95,107228
3-3-22,308.6,311.1,287.9,304.15,290.3,290.2,295.61,442.5,273.5,11872107,3509527792.65,160570
4-3-22,285.2,296.2,283.7,290.2,292.15,292.6,289.93,442.5,273.5,6171233,1789254881.45,77412
7-3-22,287.95,289,278,292.6,280.6,281.2,282.51,442.5,274.05,6936569,1959620202.9,91238
8-3-22,281.05,284.55,274,281.2,282.8,282.9,279.72,442.5,274,6513565,1821946063.85,81596
9-3-22,285.8,292.65,281,282.9,292,291.65,286.75,442.5,274,7788795,2233441869.9,61891
10-3-22,300,302,291,291.65,293,293.2,296.11,442.5,274,5031572,1489923827.25,58994
11-3-22,293,296,290.3,293.2,292.95,293.45,292.42,442.5,274,4357253,1274143559.1,71240
14-3-22,294.65,297.5,289.05,293.45,291.6,291.2,291.61,442.5,274,2658414,775230698.85,30749
15-3-22,293.6,301.85,292.85,291.2,295,295.1,297.23,442.5,274,6826748,2029091642.6,78408
16-3-22,300,311.45,297,295.1,309.7,309.35,304.37,442.5,274,6876362,2092961009.5,87700
17-3-22,314.2,314.9,305.45,309.35,307.2,306.2,309.79,442.5,274,9901093,3067277577.45,67481
21-3-22,306,309.2,300,306.2,300.45,300.35,302.31,442.5,274,4583683,1385698598.1,60127
22-3-22,300.45,302.9,296.05,300.35,301,300.9,300.04,442.5,274,3537814,1061495473.5,43400
23-3-22,303,303.35,295.55,300.9,297.5,297.85,298.83,442.5,274,4697043,1403602214.8,54232
24-3-22,296.95,299.65,295,297.85,296.9,297.05,297.53,442.5,274,4048136,1204435590.75,36785
25-3-22,299.9,299.9,294.55,297.05,298.5,297.8,297.05,442.5,274,3115402,925441268.85,30166
28-3-22,299.4,299.4,288.5,297.8,292,291.8,291.7,442.5,274,4811353,1403448259.9,78064
29-3-22,293.05,303.25,293.05,291.8,303.25,302.45,300.47,442.5,274,8193664,2461971440.5,76624
30-3-22,300.8,304.8,298.8,302.45,303,303.05,302.63,442.5,274,6489029,1963749437.8,54768
31-3-22,303.05,303.7,298.75,303.05,299.25,299.25,300.64,442.5,274,4950492,1488305848.4,52078
1-4-22,298.9,306.5,298.5,299.25,305,304.95,303.06,442.5,274,3456879,1047646126.35,44542
4-4-22,305.5,313.5,305.1,304.95,312.55,311.65,308.63,442.5,274,3638554,1122955360.4,55528
5-4-22,314.45,317.7,310.35,311.65,316.9,316.8,315.21,442.5,274,5323145,1677905715.65,56567
6-4-22,316.8,325,315.45,316.8,320.2,320.7,320.54,442.5,274,7255760,2325764559.15,85197
7-4-22,320.2,327.4,320.05,320.7,324.65,325.6,324.19,442.5,274,5192205,1683258874.35,53308
8-4-22,327.25,339.8,323.45,325.6,338.4,337.35,334.97,442.5,274,8276853,2772478685.05,101276
11-4-22,338.45,369.5,338.3,337.35,364.2,360.2,358.5,442.5,274,30662312,10992569551.5,277497
12-4-22,364,371.6,355.75,360.2,358,359.65,362.27,442.5,274,19884358,7203441716,196499
13-4-22,359.95,374.2,359,359.65,369,369.2,368.02,442.5,274,17817591,6557229580.45,164916
18-4-22,369,379.65,360.5,369.2,365.1,363.4,366.36,442.5,274,10936057,4006540313.6,114572
19-4-22,366.75,370,351,363.4,352,354.25,359.32,442.5,274,9971239,3582899868.1,124351
20-4-22,355,375.8,355,354.25,375,371.3,367.31,442.5,274,13525255,4967969268,125395
21-4-22,378.9,384.35,374.8,371.3,378.1,377.35,379.2,442.5,274,14385266,5454873962.65,153070
22-4-22,378,381,371.05,377.35,375,374.2,375.79,442.5,274,5946333,2234589849.5,62853
25-4-22,371.8,387.6,370,374.2,378.95,376.35,381.63,442.5,274,12835090,4898296452.15,148656
26-4-22,382,391,381.3,376.35,385,385.15,385.18,442.5,274,11192640,4311235696.85,119429
27-4-22,385,387.7,376.25,385.15,385,384.55,382.6,442.5,274,11121579,4255138388.3,124869
28-4-22,389.9,389.9,380.45,384.55,384.8,383.35,384.68,442.5,274,7163762,2755747283.95,69127
29-4-22,384.7,385.5,370.75,383.35,372,372.2,377.76,442.5,274,10529413,3977632085.55,86885
2-5-22,371.6,380.5,368.75,372.2,376.85,378.15,376.7,442.5,274,5959678,2245021327.65,64005
4-5-22,379.55,382,364.65,378.15,369,368.1,371.77,442.5,274,5415006,2013149771.35,90293
5-5-22,371,375.35,364.95,368.1,368,366.35,370.5,442.5,274,5794511,2146866766.85,68751
6-5-22,360.55,372.35,360.55,366.35,365.55,365.4,366.85,442.5,274,5868878,2153018926.9,66036
9-5-22,363.35,369,359.45,365.4,366,366.75,364.78,442.5,274,3690073,1346059813.75,41297
10-5-22,368.55,373.9,355,366.75,356,358.2,365.78,442.5,274,6322735,2312728668.3,93084
11-5-22,360,365.8,351.2,358.2,359.9,359.05,358.11,442.5,274,5728451,2051389070.85,58016
12-5-22,356.85,382,349.3,359.05,374,373.55,362.67,442.5,274,7493279,2717610573.3,64751
13-5-22,378,378.55,356.1,373.55,358.3,359.1,361.8,442.5,274,10195371,3688710560.4,109911
16-5-22,367,377.7,360.35,359.1,367.4,368,369.03,442.5,274,50459752,18621115228,504451
17-5-22,371,372.15,364,368,369,368.8,368.34,442.5,274,9431128,3473901611.3,157132
18-5-22,369.25,372.6,359.7,368.8,361.2,361.1,364.08,442.5,274,11887905,4328200743.85,179443
19-5-22,358.15,364.95,357.25,361.1,364.3,364,362.7,442.5,274,9179791,3329500572.15,144950
20-5-22,368,368,362.05,364,363.45,363,364.5,442.5,274,4308673,1570490455.6,76120
23-5-22,365.65,367.3,362.4,363,363.2,363.45,365.37,442.5,274,3889679,1421165040.05,76635
24-5-22,364.8,365.7,360.45,363.45,361.8,361.45,362.82,442.5,274,4200025,1523872262.45,31706
25-5-22,362.4,364.25,360.65,361.45,362,361.7,362.39,442.5,274,2440985,884592573.45,21830
26-5-22,362.15,366.3,359.7,361.7,365.55,365.4,363.19,442.5,274,3900318,1416548155.75,42244
27-5-22,368,368.15,363.75,365.4,365.6,366.3,365.83,442.5,274,1603075,586453335.15,20260
30-5-22,368.5,372.5,366.75,366.3,371.25,371.55,369.75,442.5,274,5001959,1849478410.55,59109
31-5-22,371.55,372.8,368.65,371.55,370.4,369.4,369.61,442.5,274,11507115,4253131641.6,54133
1-6-22,370,373,369.15,369.4,372,371.65,371.38,442.5,274,2369910,880125435.3,27825
2-6-22,371.4,376.35,370.95,371.65,373.9,373.5,374.24,442.5,274,5215564,1951891429.6,46825
3-6-22,375,375.35,365.35,373.5,368.5,366.9,367.64,442.5,274,8010976,2945176095.6,89453
6-6-22,366,369.5,363.85,366.9,364.5,364.9,365.91,442.5,274,10390245,3801918671.45,123115
7-6-22,363.6,367.5,361.7,364.9,363.2,363.35,363.95,442.5,274,5708056,2077442226.3,66482
8-6-22,363.4,364.55,361.8,363.35,363.4,363.05,362.75,442.5,274,5020929,1821316906.9,46219
9-6-22,363,368.5,362.5,363.05,364.8,365.3,365.91,442.5,274,5238450,1916812810.1,40523
10-6-22,363.25,366.6,363.25,365.3,365.25,365.15,365.68,442.5,274,3916129,1432031906.5,18616
13-6-22,363.05,364.95,361.9,365.15,362.8,362.7,362.86,442.5,274,4509163,1636182626.8,50291
14-6-22,362.1,363.3,358,362.7,358.95,359.55,360.83,442.5,274,6976071,2517209455.4,48889
15-6-22,359.9,362.45,359,359.55,361.65,361.95,361.46,442.5,274,4077501,1473873413.15,25939
16-6-22,363.85,364.15,358.65,361.95,360.5,359.4,360.5,442.5,274,2940387,1060005730.5,50458
17-6-22,359,361.05,356.65,359.4,357.2,357.35,358.06,442.5,274,4012167,1436602007.05,69859
20-6-22,357.5,359.95,356.1,357.35,357,357.3,357.83,442.5,274,2297837,822226736,20096
21-6-22,358.1,360.95,358.1,357.3,358.2,358.9,359.31,442.5,274,3693727,1327189999.75,24320
22-6-22,358.9,358.9,355.5,358.9,358.2,357.95,357.26,442.5,274,2588905,924919307.6,37042
23-6-22,358.4,362,358.05,357.95,359,358.95,359.56,442.5,274,2799410,1006551503.35,20350
24-6-22,362,362,359.2,358.95,360.5,360.6,360.6,442.5,274,2713333,978434071.15,18749
27-6-22,362.25,365.7,360.5,360.6,365.25,365.15,363.8,442.5,274,3073581,1118180790.85,36375
28-6-22,365.85,367.35,363.5,365.15,366.55,366.45,365.95,442.5,274,4285971,1568440064.45,40338
29-6-22,364.95,367.5,364.1,366.45,365.25,365.5,365.92,442.5,274,4586257,1678217424.95,27321
30-6-22,365.55,365.95,362.1,365.5,363.1,363,364.16,442.5,274,4383329,1596246522.2,30006
1-7-22,363.95,368.6,362.1,363,367.5,367.55,365.91,442.5,274,2763265,1011094441.95,39579
4-7-22,366.95,369.9,366.05,367.55,368.2,368.55,368.38,442.5,274,2275112,838110442.65,21081
5-7-22,368.95,371.25,365.6,368.55,365.85,366.65,368.56,442.5,274,3120800,1150207659.3,19334
6-7-22,367,370.35,366.95,366.65,368.05,368.25,368.36,442.5,274,2209031,813721673.4,25605
7-7-22,369.9,369.9,366.1,368.25,366.2,366.95,367.46,442.5,274,2378264,873917861.8,34199
8-7-22,367,369.05,366,366.95,368,368.45,367.63,442.5,274,2126285,781689251.15,46777
11-7-22,367.1,369.95,366.85,368.45,369.2,369.2,368.31,442.5,274,3135297,1154751229.8,23947
12-7-22,368.8,372.85,367.75,369.2,371,370.9,370.32,442.5,274,2870836,1063116534.7,23607
13-7-22,372.95,373.95,370.3,370.9,370.4,371.2,372.31,442.5,274,2291028,852967560.3,21460
14-7-22,372.8,372.8,368.5,371.2,369.5,369.9,369.66,442.5,274,2772420,1024864476.15,39945
15-7-22,368,371.3,368,369.9,369.25,369.15,369.64,442.5,274,3856534,1425541429.55,45648
18-7-22,370.6,372.4,369.6,369.15,370.7,370.7,370.77,442.5,274,1745124,647047871.4,60042
19-7-22,369.3,371.5,369.3,370.7,371,370.95,370.44,442.5,274,1567448,580649209.75,47803
20-7-22,369.95,371.95,366.6,370.95,367.35,367.85,368.31,442.5,274,7381308,2718585641.4,65004
21-7-22,368,371.35,366.25,367.85,371,370.75,370.03,442.5,274,3275734,1212108036.7,26396
22-7-22,370,373.1,368.95,370.75,372.6,372.55,371.36,442.5,274,3091493,1148055468.5,28468
25-7-22,372.55,373.5,370.4,372.55,371.6,371.15,371.39,442.5,274,3224932,1197696516.45,37473
26-7-22,371.05,371.15,368.55,371.15,369.7,369.95,369.8,442.5,274,3457867,1278719402.4,26521
27-7-22,369.25,372.2,368.7,369.95,371.05,370.85,370.59,442.5,274,2093379,775780568.35,21798
28-7-22,372.5,372.5,369.6,370.85,370.9,370.85,370.7,442.5,274,2711190,1005041588.5,26847
29-7-22,372.4,376,370,370.85,374.85,374.8,373.87,442.5,274,6522804,2438686594.1,37826
1-8-22,377,378,374.25,374.8,375.95,375.4,375.75,442.5,274,2858911,1074231272.65,48635
2-8-22,375.4,382.8,374.95,375.4,378.5,378.65,379.66,442.5,274,9280180,3523347862.5,73912
3-8-22,380,382.4,376.5,378.65,381.6,381.75,380.55,442.5,274,4871595,1853884430.35,56190
4-8-22,382,383.75,378,381.75,381,381.25,381.44,442.5,274,6766464,2580988529.9,51991
5-8-22,381.1,383.05,380.05,381.25,382.5,382.65,382.02,442.5,274,5063415,1934346270.9,48662
8-8-22,382.85,382.95,378.85,382.65,380.4,380.2,380.82,442.5,274,3347503,1274788521.9,43431
10-8-22,380,381.65,378.4,380.2,380,380.05,379.84,442.5,274,4144801,1574355545.9,40813
11-8-22,382,382,378.6,380.05,380.25,380.2,379.94,442.5,274,2409612,915512800.15,23904
12-8-22,380,388,378.85,380.2,387.4,384.8,383.17,442.5,274,5187959,1987861643.9,32108
16-8-22,388.9,399,385.45,384.8,397.8,396.1,392.8,442.5,274,11560886,4541090185.15,141277
17-8-22,398.75,404.95,397,396.1,397.25,398.3,401.24,442.5,274,9431378,3784251158.25,86888
18-8-22,398.3,414.5,396.5,398.3,410.6,409.6,405.31,442.5,274,15635959,6337411215.15,176156
19-8-22,412,427,410.3,409.6,417.85,420.45,419.51,442.5,274,25171485,10559727611.45,264011
22-8-22,418.1,420.25,404.35,420.45,406.1,408,414.23,442.5,274,11430999,4735009315.75,146074
23-8-22,400,414.45,398,408,406.25,405.45,405.47,442.5,274,15303452,6205067022.25,139716
24-8-22,405.45,407.55,398.1,405.45,404.5,404.15,402.34,442.5,274,15732854,6329917950.45,115409
25-8-22,404.15,408.3,395.9,404.15,396.85,397.15,400.62,442.5,274,11274377,4516733225.2,137320
26-8-22,400,406.7,392.2,397.15,403.05,402.85,400.34,442.5,274,13259855,5308404108.95,96173
29-8-22,397,405.5,395.1,402.85,403.65,403.45,403.09,442.5,274,7557377,3046312942.9,125640
30-8-22,406.65,412.85,404.5,403.45,410.4,411.25,409.59,442.5,274,7851221,3215751152.65,72111
1-9-22,409.6,413.8,407.65,411.25,409.35,409.8,410.95,442.5,274,10762759,4423009184.55,99495
2-9-22,411.45,418.3,405.55,409.8,415.05,415.6,411.73,442.5,274,8068140,3321929308.6,117312
5-9-22,417.15,419.65,414.05,415.6,416.1,417.95,417.36,442.5,274,6074232,2535123983.8,109171
6-9-22,419.4,441,417.5,417.95,441,436.5,428.89,442.5,274,23184248,9943540482.7,134103
7-9-22,440.05,457.5,436,436.5,448.9,448.9,447.98,457.5,274,28272706,12665574570.9,325830
8-9-22,453.95,464,446.25,448.9,462.05,461.9,457.32,464,274,14949706,6836759385.6,126898
9-9-22,465.3,484.7,451.85,461.9,453.95,454.7,468.33,484.7,274,29429693,13782718942.55,266787
12-9-22,454.6,479.5,440.6,454.7,475,475.65,465.61,484.7,274,27759936,12925280666.8,203421
13-9-22,483.25,488.65,476.25,475.65,487,486.5,482.65,488.65,274,17846212,8613496126.7,132444
14-9-22,482,533.7,482,486.5,519,524.6,508.64,533.7,274,57236617,29112707834.9,372236
15-9-22,529,544.65,509.4,524.6,535.2,538.75,527.16,544.65,274,37879876,19968597749.9,303834
16-9-22,530.95,550,511.05,538.75,518.15,516.7,529.77,550,274,42869715,22711087835.35,337801
19-9-22,517,572.95,514,516.7,564.5,564.9,554.26,572.95,274,75771183,41997152488.7,689296
20-9-22,579,585.7,567.5,564.9,572.05,574.35,577.49,585.7,274,43803577,25296286659.1,386770
21-9-22,572,575.8,532.8,574.35,539.2,541.35,550.23,585.7,274,48990918,26956433092.6,453693
22-9-22,524.5,548.8,516.1,541.35,532.9,534.05,535.44,585.7,274,24714675,13233179355.8,248002
23-9-22,535,555,535,534.05,540.55,539.35,544.14,585.7,274,17014661,9258424070.8,188875
26-9-22,537,544,499.1,539.35,501.25,511.2,528.28,585.7,274,17756139,9380142410.85,186133
27-9-22,507.95,524,474,511.2,508.5,504.35,504.45,585.7,274,29131156,14695161371.25,307400
28-9-22,495,514.35,491.05,504.35,499.75,500.05,503.56,585.7,274,12029150,6057365081.65,146638
29-9-22,509.6,519,495.2,500.05,509,506.35,507.13,585.7,274,11297808,5729465403.95,150660
30-9-22,507,523.15,501,506.35,515.8,515.6,513.48,585.7,274,11027478,5662422870.75,136479
3-10-22,516.1,519.95,471.05,515.6,488,488.65,497.9,585.7,274,14296197,7118067586.05,180294
4-10-22,502.4,506.4,482.9,488.65,493.7,492.2,496.79,585.7,274,12515966,6217788570.1,171744
6-10-22,497.9,513.8,496.15,492.2,506.85,506.9,507.3,585.7,274,9447220,4792553616.35,131837
7-10-22,506.8,527,499.8,506.9,525.6,521.8,511.54,585.7,274,9384553,4800558387.5,111185
10-10-22,517,537.95,515.35,521.8,522.55,522.65,526,585.7,274,12806265,6736070705.25,174620
11-10-22,525,526.6,498.3,522.65,499.5,500.2,511.88,585.7,274,7659702,3920831745.55,106794
12-10-22,502.75,507.45,484.2,500.2,506,505.45,497.22,585.7,274,11786907,5860668322,146866
13-10-22,505.4,505.4,491.5,505.45,495.55,496.85,497.2,585.7,274,6212954,3089102559.15,74673
14-10-22,508,512,497.5,496.85,502.15,501.85,503.5,585.7,274,6337662,3191009942.45,64544
17-10-22,499,522.7,497.45,501.85,519,520.55,511.42,585.7,274,9626670,4923300230.35,104546
18-10-22,523,524.2,506.05,520.55,509.6,507.85,513.46,585.7,274,10116195,5194285603.7,110786
19-10-22,511,519,506.7,507.85,510.85,510.7,513.46,585.7,274,6646701,3412805852.75,70461
20-10-22,509,519,507,510.7,517,517.7,513.11,585.7,274,5223412,2680163459,61313
21-10-22,518,522.9,503.8,517.7,513,512.6,513.83,585.7,274,9693780,4980985532.4,102182
24-10-22,518,521.05,516,512.6,517,516.9,518.14,585.7,274,1415497,733427034.25,18955
25-10-22,516.2,521.8,511.65,516.9,513,513.1,515.77,585.7,274,5007924,2582917717.55,68144
27-10-22,515.35,532.6,513.25,513.1,526.65,527.6,523.45,585.7,274,10067299,5269746275.8,96196
28-10-22,530.2,530.2,515.65,527.6,518.7,520.1,521.23,585.7,274,6679582,3481597133.35,61865
31-10-22,522.45,538.6,521.35,520.1,533.5,532.95,531.18,585.7,274,8601980,4569240923.4,99612
1-11-22,535,545.6,533.75,532.95,543.95,544.05,539.5,585.7,274,8669246,4677100054,87367
2-11-22,546.75,549,539.3,544.05,542,545,545.14,585.7,274,7740170,4219453787,90927
3-11-22,540,547.5,538.5,545,539.2,539.5,541.72,585.7,274,3945015,2137102973.85,42064
4-11-22,540.9,560.3,538.85,539.5,558.35,558.6,552.09,585.7,274,8028860,4432683376.1,79725
7-11-22,561,573,553.15,558.6,567.05,568.1,566.53,585.7,274,9287441,5261603673.85,106522
9-11-22,570,580.7,561.2,568.1,563.3,564.5,571.25,585.7,274,10307830,5888340890.15,136414
10-11-22,563,568.4,551.5,564.5,559,558.15,559.86,585.7,274,5700059,3191258129.75,119671
11-11-22,565,566.9,553.85,558.15,556.9,557.55,559.59,585.7,274,5254274,2940246758.65,81781
14-11-22,558.9,586.55,557.55,557.55,581.5,580.3,576.08,586.55,274,9070550,5225322424.3,115879
15-11-22,583.9,593,575.3,580.3,585.45,586.45,586.7,593,274,11897606,6980338228.2,149113
16-11-22,586.5,593.5,568.2,586.45,577.5,577.2,583.12,593.5,274,8557056,4989774898,125256
17-11-22,578,581.3,570.25,577.2,571.3,574.2,575.38,593.5,274,3652873,2101783076.15,55763
18-11-22,574.5,576,563.9,574.2,574.2,574.1,570.47,593.5,274,4114267,2347066879.65,94581
21-11-22,573,573.8,562.7,574.1,563,564.05,566.33,593.5,274,3480076,1970879885.55,41969
22-11-22,564,578.45,560.5,564.05,566.9,565.85,570.1,593.5,274,7405911,4222114450.35,129582
23-11-22,567.8,571,560.2,565.85,561.8,562.9,565.68,593.5,274,2782614,1574058454.2,36415
24-11-22,564.25,565.95,554.55,562.9,559.65,557.85,559.47,593.5,274,3977412,2225250383.7,42391
25-11-22,560.4,567.4,556.55,557.85,564.15,564.65,562.79,593.5,274,4010892,2257279960.4,52333
28-11-22,564,572.5,562.8,564.65,569.7,568.45,567.96,593.5,274,4078114,2316209907.45,43351
29-11-22,569.6,574.4,563.75,568.45,564.15,564.95,569.27,593.5,274,3646853,2076061416.95,47092
30-11-22,565.9,573.95,560.55,564.95,572,570.75,567.92,593.5,274,6139270,3486639104.6,44034
1-12-22,573.5,585,569.5,570.75,581.8,580.95,579.34,593.5,274,8400806,4866919420.35,76811
2-12-22,582.55,584.15,573.4,580.95,577.3,577.95,577.95,593.5,274,7097523,4101986637.1,60543
5-12-22,580.85,582.35,571.8,577.95,572.3,573.35,574.7,593.5,274,5491648,3156068545.7,43829
6-12-22,572.5,585,570.6,573.35,581.5,581,579.88,593.5,274,6009003,3484517659.7,80905
7-12-22,582.9,588.35,575.1,581,581.35,582,582.8,593.5,274,5406859,3151134837.45,57304
8-12-22,583.95,590.8,581.6,582,590.5,587.75,585.45,593.5,274,2897290,1696217634.15,36848
9-12-22,593.9,598,572.25,587.75,581,581,587.78,598,274,7795856,4582274492.7,143880
12-12-22,580,587.3,573.4,581,584.8,585.05,583.48,598,274,4062852,2370595038.85,95641
13-12-22,587,589,583.05,585.05,584,584.55,586.37,598,274,2436178,1428500475.95,46449
14-12-22,585.1,589.5,581.05,584.55,583,582.2,584.83,598,274,1682787,984148082.2,30288
15-12-22,583,584,558.75,582.2,559,561.2,569.44,598,274,5047769,2874390764.85,59905
16-12-22,558,568.6,553.5,561.2,554,556.05,560.26,598,274,4854309,2719669326.35,65199
19-12-22,556.95,566.35,555,556.05,565.85,563.85,560.54,598,274,2341796,1312671012.7,29269
20-12-22,563.9,565,554.1,563.85,561,560.1,559.15,598,274,2314297,1294044444.55,31403
21-12-22,562,564,532.2,560.1,537.75,539.2,546.9,598,274,6698446,3663375090.8,71761
22-12-22,543.5,544.6,525.25,539.2,531.05,532.85,533.87,598,274,7913985,4225005396.5,86604
23-12-22,528.95,531.8,486,532.85,489.8,491.25,510.63,598,274,10542194,5383197132.15,130228
26-12-22,493.95,522.35,489.9,491.25,515,514.15,512.22,598,274,8583591,4396673583.5,103054
27-12-22,520,527.3,509.35,514.15,524.65,523.3,518.21,598,274,5808135,3009831348.95,71239
28-12-22,525,527.5,516.45,523.3,517.8,518.4,522.28,598,274,3959786,2068105187.1,44948
29-12-22,517.2,534.4,504.6,518.4,523,522.75,516.33,598,274,7354986,3797598717.4,83512
30-12-22,525,531.9,522.1,522.75,524,524.1,526.36,598,274,3361557,1769387221.35,44128
2-1-23,526.75,530.9,523,524.1,526.75,526.5,526.91,598,274,2226882,1173357927.95,42353
3-1-23,527.5,533.4,523.05,526.5,532.25,530.95,528.5,598,274,3247177,1716137360.55,47503
4-1-23,532.2,536.75,517.4,530.95,518.35,518.85,526.89,598,274,7145153,3764699397.2,73412
5-1-23,518.95,525.95,513.55,518.85,525,524.75,521.33,598,274,3166328,1650713966.4,48883
6-1-23,525.85,528.45,514.35,524.75,519.6,519.8,522.34,598,274,3454408,1804366707.9,38746
9-1-23,523,527.5,520.65,519.8,524.6,524.75,524.74,598,274,1841059,966073020.2,50728
10-1-23,526.5,526.5,502.7,524.75,513.5,514.45,512.57,598,274,5366443,2750666750.65,63178
11-1-23,515.95,515.95,505.65,514.45,507.65,508.1,509.46,598,274,3308303,1685439916.55,50713
12-1-23,509.9,514.5,507,508.1,511,510.4,511.05,598,274,4129397,2110344448.1,78391
13-1-23,511.4,520.5,511.4,510.4,518.65,518.65,517.19,598,274,4195766,2170022714.75,76171
16-1-23,521,521.6,512.9,518.65,516,517,516.02,598,274,2181662,1125772982.75,44485
17-1-23,517.25,520.5,511.3,517,517.7,517.5,516.48,598,274,2346252,1211781644.8,48103
18-1-23,517.9,522.45,513,517.5,522,520.45,517.89,598,274,2338626,1211152895.35,38223
19-1-23,519,525.4,517.05,520.45,519,519.25,520.77,598,274,2809131,1462924187.8,42830
20-1-23,520,523,515.4,519.25,516.9,517.75,518.33,598,274,2656548,1376975193.8,41278
23-1-23,518,518.7,498.25,517.75,500.7,501.1,505,598,274,4154237,2097881712.05,105539
24-1-23,502.2,508.5,497.95,501.1,498.85,498.95,502.92,598,274,2166537,1089605566.95,46645
25-1-23,497,498,450.7,498.95,464.2,460.2,462.65,598,274,33646469,15566405493.7,483435
27-1-23,457.5,457.5,345.15,460.2,383.5,380.45,392.32,598,274,91035714,35715238536.15,730071
30-1-23,400,427.65,352,380.45,386.7,387.5,389.02,598,274,71717149,27899747350.75,1263000
31-1-23,394,414.65,390.1,387.5,402.9,401.2,403,598,274,40532400,16334493484.05,547256
1-2-23,409.2,412.7,320.5,401.2,335,334.1,354.49,598,274,78282914,27750128679.3,650964
2-2-23,355,367,315.3,334.1,353.5,352.55,345.07,598,274,79579639,27460553103.85,1048975
3-2-23,351.95,380.7,318.5,352.55,372.15,373.6,349.1,598,274,58296804,20351505883.5,720795
6-2-23,371,383.8,358.45,373.6,377,379.75,371.15,598,274,33168803,12310480964.15,519850
7-2-23,384.5,406.7,371.7,379.75,387.15,384.05,386.96,598,274,42723721,16532224952.85,621587
8-2-23,393.65,397.6,382,384.05,383.75,384.65,388.13,598,274,18573925,7209134713,244335
9-2-23,378,378,354,384.65,357.9,357.8,361.45,598,274,28134958,10169358545.55,384740
10-2-23,354.75,368.45,350,357.8,360.5,360.8,361.65,598,274,12021081,4347431371.95,348328
13-2-23,363.5,366.9,336.55,360.8,341.85,342.45,345.66,598,274,20202357,6983202071.55,542329
14-2-23,344,349,325.1,342.45,335.4,336.5,335.49,598,274,29650470,9947309358.1,476845
15-2-23,336.5,350.95,335,336.5,344.8,344.85,344.9,598,274,14504126,5002444582.85,282437
16-2-23,351.9,354.3,346.15,344.85,348,347.8,349.77,598,274,13932368,4873071854.05,275236
17-2-23,346.4,355.95,343,347.8,354.55,353.3,352.29,598,274,12417704,4374604371.95,270583
20-2-23,349.7,356,345.65,353.3,349.45,352.45,350.34,598,274,10433187,3655188110.5,92143
21-2-23,353.35,366.5,351.5,352.45,353,352.85,358.97,598,274,18031338,6472619878.75,156076
22-2-23,352,352,332.1,352.85,334.9,335.4,338.88,598,274,12696127,4302459858.95,154510
23-2-23,336,343.85,331.35,335.4,337.7,336.9,337.78,598,274,10669135,3603779867.95,114385
24-2-23,339.3,346.95,338.7,336.9,344.5,345.25,343.29,598,274,10758533,3693260115.2,134131
27-2-23,340.4,344.45,326,345.25,329.5,329.9,332.86,598,274,8739164,2908897808.2,114003
28-2-23,330,353.45,324.3,329.9,342.25,342.1,342.11,598,274,21986286,7521722406.1,211618
1-3-23,344.2,354.9,344.2,342.1,354.5,353.6,350.68,598,274,14144946,4960369357.55,161680
2-3-23,354.45,372,347.3,353.6,369.5,370.7,364.56,598,274,24526040,8941135572,228984
3-3-23,382.7,399.4,375.6,370.7,389.3,391.85,390.26,598,274,40022359,15619281942.85,393679
6-3-23,397.8,404.9,381.3,391.85,384.8,385.5,393.91,598,274,24525562,9660869946.4,263170
8-3-23,384.8,393.5,378.65,385.5,392.45,392.1,388.45,598,274,12403307,4818053855.65,131571
9-3-23,394.85,395,383,392.1,384.3,384.7,386.97,598,274,10496900,4061978222.55,115754
10-3-23,380,382.35,373.4,384.7,378,378.35,378.16,598,274,8021603,3033418655.55,90114
13-3-23,382.9,389.15,366.4,378.35,367.5,368,376.12,598,288.5,12295435,4624604150.65,115361
14-3-23,366.05,367.85,340.8,368,353.6,353.4,353.69,598,288.5,18116432,6407530904.5,170875
15-3-23,354.5,367,347.65,353.4,366.05,365.15,359.16,598,288.5,17244370,6193548018.4,141494
16-3-23,365.9,384,360.25,365.15,384,378.8,372.41,598,288.5,17263261,6428992094.55,157808
17-3-23,384,386.65,371.05,378.8,378.8,378.45,376.94,598,288.5,12121438,4569087465.15,115092
20-3-23,376.1,376.55,360.3,378.45,365.5,365.4,366.42,598,288.5,9301805,3408342154.9,99670
21-3-23,369.7,374.7,366.2,365.4,370.2,370.9,370.77,598,288.5,7159231,2654416062.55,71245
22-3-23,373.4,378.2,371.4,370.9,373.55,375.55,374.37,598,288.5,6498593,2432855490.25,59083
23-3-23,373,377.3,370.4,375.55,371.85,372.15,374.43,598,288.5,8428310,3155792341.15,68580
24-3-23,373,376.5,368.05,372.15,370.5,371.8,372.66,598,288.5,9512792,3544999763.35,79335
27-3-23,372.6,374.8,367.45,371.8,370.5,370,370.72,598,288.5,6288107,2331156180.05,58329
28-3-23,371.8,373.65,354.3,370,359,358.95,362.16,598,288.5,15688794,5681787697.15,102635
29-3-23,360,367.05,358.2,358.95,364.15,363.9,362.71,598,288.5,9558023,3466795577.55,79972
31-3-23,367.5,370.6,364,363.9,365.4,365.55,366.58,598,288.5,5945285,2179431635.25,65362
3-4-23,368.95,376.65,363.5,365.55,375.3,374.8,371.9,598,305.1,6083504,2262465946.05,60969
5-4-23,374.5,380.9,371.25,374.8,380.2,379.95,376.46,598,305.1,6528840,2457846874.4,60575
6-4-23,378.85,386.5,377.2,379.95,382.6,383.6,383.08,598,305.1,5658596,2167695335.8,58810
10-4-23,385.7,389.6,383.25,383.6,384.55,384.35,385.57,598,315.3,3153982,1216094588.9,39379
11-4-23,385.95,388.5,380.8,384.35,384.45,384.4,384.37,598,315.3,3415299,1312732208.1,45739
12-4-23,385.9,397.75,382.7,384.4,394,396.05,393.43,598,315.3,9415387,3704270384.75,100166
13-4-23,394.9,396.6,390.05,396.05,391.2,392.65,392.85,598,315.3,6239974,2451382004.75,50596
17-4-23,392,395.05,387.05,392.65,390.85,391.55,390.73,598,315.3,4916449,1920982081.3,50609
18-4-23,391.55,394.3,379.9,391.55,383,383.05,385.84,598,315.3,3986619,1538208489.7,48563
19-4-23,384,388.2,377.65,383.05,380,380.05,382.72,598,315.3,3600019,1377791870.6,41701
20-4-23,380.5,382.3,378.1,380.05,380.1,380.7,379.97,598,315.3,4345525,1651150045.35,46035
21-4-23,381.25,382,373.4,380.7,374.65,375.1,376.63,598,315.3,4286701,1614492945.9,39474
24-4-23,375.1,382.9,373.35,375.1,382.3,380.3,378.08,598,315.3,3030412,1145745727.35,30607
25-4-23,381.65,387.55,380.6,380.3,381.9,382.5,383.71,598,315.3,4790001,1837981840,52124
26-4-23,382,390,380.15,382.5,386,386.45,385.58,598,315.3,4369712,1684881810,49111
27-4-23,386.45,390.5,382.75,386.45,387.75,388.8,388.08,598,315.3,5093452,1976688013.75,39796
28-4-23,390,399.5,384.1,388.8,397,396.5,395.41,598,315.3,11030482,4361547252.45,89442
2-5-23,398,399.4,389.05,396.5,393.05,394.4,394.81,598,315.3,7419371,2929236706.65,68274
3-5-23,392.9,400.55,375.75,394.4,382.75,383.65,389.21,598,315.3,13078081,5090109562.25,125317
4-5-23,384,390.85,380.6,383.65,388.1,388.3,386.15,598,315.3,6828148,2636700755.7,95941
5-5-23,388.5,406,387.45,388.3,399.6,400.55,398.6,598,315.3,11844907,4721435872.45,112230
8-5-23,404.8,408.9,400.7,400.55,406.3,405.5,406.01,598,315.3,6282119,2550622158.1,78125
9-5-23,407.9,412.4,403.45,405.5,405.7,405.65,408.87,598,315.3,7401793,3026356595.7,73639
10-5-23,407.85,409.3,402.5,405.65,408.05,408.3,406.87,598,315.3,3823364,1555608406.85,58680
11-5-23,410,415,406.2,408.3,411.9,412.2,411.59,598,315.3,5043085,2075703395.05,56933
12-5-23,411,414.75,407.1,412.2,410,410,410.4,598,315.3,5365495,2202017674.15,50303
15-5-23,411,411.5,403.1,410,405.5,406.6,407.27,598,315.3,2396533,976034177.55,33159
16-5-23,405,409.8,399.8,406.6,401.9,400.9,403.38,598,315.3,3189110,1286408811.55,43761
17-5-23,400,407,399.3,400.9,406.45,406.3,404.28,598,315.3,4399478,1778633715.3,37250
18-5-23,408,408.8,395.5,406.3,398.2,399.05,402.79,598,315.3,4266534,1718503379.9,58597
19-5-23,399.05,406,395.65,399.05,404,403.15,401.56,598,315.3,4401094,1767317548.3,47648
22-5-23,405.5,433.7,405,403.15,426.2,423.9,423.37,598,315.3,17691079,7489937616.55,176901
23-5-23,428.8,440.95,424.45,423.9,427,427.3,431.83,598,315.3,18654251,8055512755.25,185191
24-5-23,428.1,430,419.6,427.3,421.4,422.3,424.9,598,315.3,6096592,2590439941.8,64836
25-5-23,421,424.65,415.7,422.3,420.1,419.2,419.38,598,315.3,4130074,1732058083.8,40035
26-5-23,421.4,425.65,417.5,419.2,423.8,424.55,422.28,598,315.3,3769455,1591782772.7,30297
29-5-23,426.9,430.9,422.75,424.55,426.8,427,426.44,598,315.3,7799828,3326196590.35,42735
30-5-23,427,432.95,425.35,427,430.7,430.9,430.22,598,315.3,3733902,1606405517.45,49775
31-5-23,430.4,430.8,420.85,430.9,423.8,423.6,425.01,598,315.3,6180317,2626676267.1,55940
1-6-23,425,431.25,424,423.6,429.25,429.25,428.92,598,315.3,3422014,1467783681.65,57164
2-6-23,431.45,440,431.45,429.25,436.7,438.05,436.58,598,315.3,5425758,2368797625.65,82198
5-6-23,440.05,441.65,437.05,438.05,438,439.05,439.82,598,315.3,3391422,1491613765.65,85827
6-6-23,441.8,460.95,440,439.05,458.4,459.15,455.11,598,315.3,15043392,6846451272.3,175747
7-6-23,461,461.5,452.5,459.15,455.35,455.75,455.46,598,315.3,4545088,2070087611.45,55429
8-6-23,456,460,445.85,455.75,449.45,451.7,452.67,598,315.3,4925548,2229671692.25,62616
9-6-23,452,458.15,451,451.7,454.2,455.7,455.04,598,315.3,4370589,1988774905.6,56648
12-6-23,456,458.4,453.45,455.7,456.2,456.3,455.36,598,315.3,2768142,1260501701.5,40913
13-6-23,457.5,463.8,455.55,456.3,459,458.95,459.63,598,315.3,2313541,1063378479.3,32601
14-6-23,460.25,465.5,459.4,458.95,463.25,464.6,463.75,598,315.3,4260531,1975800107,39644
15-6-23,466,468.9,457.05,464.6,457.45,458.35,463.48,598,315.3,2606044,1207849478.25,41042
16-6-23,461.4,465.6,457,458.35,462,460.9,461.32,598,315.3,4270855,1970251791.1,56028
19-6-23,460.9,464.05,449.25,460.9,453.05,452.85,455.36,598,315.3,2390979,1088758657.15,34379
20-6-23,453.5,455.6,446.6,452.85,449,448.95,449.15,598,315.3,3007712,1350924635.35,50244
21-6-23,449,452.35,444.6,448.95,450.7,448.1,448.15,598,315.3,2653187,1189038078.05,34396
22-6-23,449.4,452.95,441.75,448.1,445.4,444.85,445.62,598,315.3,2318198,1033043033.75,34070
23-6-23,445,445,424,444.85,425,425.8,431.74,598,315.3,4859137,2097894088.3,69086
26-6-23,425.75,433.9,419.3,425.8,432.95,432.05,426.9,598,315.3,3401951,1452301134.3,48625
27-6-23,434,440.65,433.15,432.05,434,433.85,436.49,598,315.3,3022273,1319200643.2,47177
28-6-23,435.4,441.8,431.85,433.85,435.95,434.25,435.71,598,315.3,6405277,2790841462.05,61044
30-6-23,436,441,425,434.25,426.6,425.9,430.1,598,315.3,6318237,2717487428.5,62123
3-7-23,428.4,437.2,428,425.9,436.3,435.85,433.81,598,315.3,3025642,1312557405.8,39937
4-7-23,436.45,438.9,431.1,435.85,433.5,432.7,434.21,598,315.3,1585173,688302439.1,27388
5-7-23,433.4,434.7,426.7,432.7,432.95,432.4,431.11,598,315.3,2057486,886993461.45,48051
6-7-23,432,435.2,429.55,432.4,431.3,431.5,432.21,598,315.3,2151838,930050356.05,33294
7-7-23,430,430.7,416.5,431.5,417.95,417.9,420.94,598,315.3,3734746,1572115336.95,63352
10-7-23,419,424.85,412.05,417.9,419.3,419.5,419.04,598,315.3,3524816,1477049018.55,52850
11-7-23,421,422.25,418.45,419.5,418.7,419.75,420.34,598,315.3,2512215,1055983175.85,26571
12-7-23,420,423,415,419.75,420.6,421.55,419.05,598,315.3,2231762,935220253.1,33941
13-7-23,421.55,422.65,414.65,421.55,416.4,416.9,418.97,598,315.3,2744632,1149906010.25,32957
14-7-23,416.9,419.2,414.05,416.9,416.15,416.6,416.43,598,315.3,7579025,3156133487.45,40349
17-7-23,418,422.6,415.05,416.6,417,416.6,417.37,598,315.3,5100742,2128875742.9,39390
18-7-23,416.95,424.7,414.3,416.6,417.2,416.2,418.29,598,315.3,3809061,1593309954.25,44809
19-7-23,417.6,421,416.2,416.2,419.6,419.3,418.98,598,315.3,2260225,946997703.65,31792
20-7-23,420.05,423.55,418.55,419.3,420.25,420.9,421.36,598,315.3,2876080,1211856711.15,37543
21-7-23,419.4,419.5,415.3,420.9,416.2,416.1,417.45,598,315.3,1990506,830940825.35,32184
24-7-23,417,428.8,415.45,416.1,423.2,422.75,423.84,598,315.3,3203223,1357663112.35,40267
25-7-23,423.15,441.9,423.15,422.75,441.5,440.1,434.7,598,315.3,6432788,2796319153,80040
26-7-23,443.7,448.35,436.7,440.1,444.5,443.5,443.18,598,315.3,5027847,2228251848.5,70368
27-7-23,444.3,455,438.65,443.5,454,449.75,446.5,598,315.3,4479151,1999963108.8,64016
28-7-23,455,456.65,448.05,449.75,454,454.8,452.78,598,315.3,4573656,2070872730.3,54980
31-7-23,455,468.8,454.8,454.8,462.6,463,463.54,598,315.3,5162855,2393187881.85,56489
1-8-23,464,468.35,452.65,463,461.6,461.55,461.11,598,315.3,3111674,1434822991.2,38523
2-8-23,462,469.35,450,461.55,463,460.9,458,598,315.3,8819107,4039165442.25,85221
3-8-23,465,481.15,458.45,460.9,472.95,474.35,471.54,598,315.3,12633488,5957250168.05,125396
4-8-23,477,477.5,470.1,474.35,470.25,471.75,473.82,598,315.3,2994518,1418871037.35,70780
7-8-23,473.4,476,468.75,471.75,473.95,474.1,472.02,598,315.3,2245398,1059873197.3,32858
8-8-23,474.95,476,456.25,474.1,464.4,466.2,463.57,598,315.3,5371066,2489859537.2,73598
9-8-23,466.2,466.75,460.5,466.2,463,462.65,462.33,598,315.3,2483919,1148384908.75,45783
10-8-23,463.05,465.85,454.7,462.65,457.95,457.2,459.63,598,315.3,2526713,1161362903.85,34760
11-8-23,457.5,463.4,454,457.2,455.3,456.4,458.42,598,315.3,2572588,1179336466.45,33824
14-8-23,450.55,452.5,437.65,456.4,440,440.95,442.12,598,315.3,4208119,1860473204.35,75110
16-8-23,440.3,440.3,432.1,440.95,437,437.2,436.43,598,315.3,1740262,759503099.9,36166
17-8-23,437.4,447,433.65,437.2,445.15,446,441.18,598,315.3,2130151,939785806.25,39594
18-8-23,445.95,460.95,439.8,446,453,453.05,451.9,598,315.3,4745941,2144708835.55,75182
21-8-23,454.1,469,453.6,453.05,467.05,465.25,460.78,598,315.3,3554493,1637849362.85,56488
22-8-23,468.25,470.65,462.35,465.25,463.75,463.8,465.15,598,315.3,3093757,1439051800.15,59463
23-8-23,464.5,466.8,450.1,463.8,455.05,453.3,459.27,598,315.3,3474824,1595895154.6,46283
24-8-23,456.45,462,446.95,453.3,449,448.95,453.53,598,315.3,4316497,1957643372.4,42564
25-8-23,448.2,448.3,430.1,448.95,433.8,434.6,437.81,598,315.3,5518417,2416026335.5,67442
28-8-23,439.2,444.5,432.1,434.6,438.8,438.85,437.44,598,315.3,3347943,1464517313.35,36888
29-8-23,440,447.5,436.45,438.85,442.5,441.2,442.97,598,315.3,4051913,1794872620.8,43316
30-8-23,444.7,445.5,440.2,441.2,444.8,444.05,443.65,598,315.3,2230876,989735742.1,23492
31-8-23,439.85,442.35,425.1,444.05,427.8,428.4,431.13,598,315.3,12006942,5176545691.55,114545
1-9-23,427.55,437.4,425.5,428.4,431.85,433.9,431.52,598,315.3,3846763,1659942593.7,42800
4-9-23,435.35,443.95,435.15,433.9,441.45,441.15,440.74,598,315.3,4347480,1916128747.45,42853
5-9-23,441.3,444.45,437.5,441.15,440.55,440.2,440.75,598,315.3,2261743,996859959.95,52237
6-9-23,441,442,433.5,440.2,437.35,437.75,437.49,598,315.3,2410656,1054630461.2,28378
7-9-23,437.95,440.6,435.2,437.75,438.8,439.45,438.4,598,315.3,2211370,969454918.75,27379
8-9-23,440.05,441.2,436.9,439.45,438.2,439.2,439.24,598,315.3,1913450,840468466.6,36422
11-9-23,439.25,453.4,439.25,439.2,450.05,450.9,447.59,598,315.3,5287778,2366781934.95,57491
12-9-23,453.9,453.9,436.65,450.9,445,445,445.05,598,315.3,5467782,2433451729.05,51369
13-9-23,447,449.95,440.35,445,442.5,443.9,443.72,598,315.3,2583760,1146476365,30490
14-9-23,444.8,446.4,441.7,443.9,444.85,445.2,444.2,598,315.3,2000637,888676487,67177
15-9-23,445,448.1,442.5,445.2,444,445.05,444.82,598,315.3,2963506,1318215293,51340
18-9-23,445,445.7,433,445.05,433.7,436.65,439.3,598,315.3,3707587,1628756607.9,54485
20-9-23,436.5,438.35,425.05,436.65,428.2,428.15,429.75,598,315.3,2289507,983907261.6,39351
21-9-23,427.5,430.6,423.2,428.15,425.35,426.1,426.54,598,315.3,2680700,1143433599.9,41489
22-9-23,426,428.5,418.05,426.1,418.75,420.95,421.11,598,315.3,2666687,1122965625.15,42583
25-9-23,420.5,425.95,414.7,420.95,423.85,422.9,421.09,598,315.3,3913804,1648060757.35,50060
26-9-23,423.3,434,422.45,422.9,429.95,429.75,430.19,598,315.3,6162665,2651114569,44803
27-9-23,428,431.85,426,429.75,430.7,430.45,429.28,598,315.3,1952178,838029782.75,31913
28-9-23,431,431.5,418.65,430.45,421,419.9,423.64,598,315.3,3461405,1466396881.45,49389
29-9-23,423.8,428.5,420,419.9,424.75,424.8,425.79,598,315.3,2835399,1207273081.2,63497
3-10-23,424.05,434.4,422.5,424.8,431.5,432.2,430.72,598,315.3,2833284,1220364603.55,52714
4-10-23,430,434,424.3,432.2,428.7,429.65,430.35,598,315.3,3214525,1383355846.3,27427
5-10-23,430,434.85,428.75,429.65,432.2,432.85,432.63,598,315.3,1287179,556867517.3,18608
6-10-23,434,437,431.8,432.85,434.2,435.7,434.65,598,315.3,1547935,672805568.9,18167
9-10-23,430.1,437.5,427.5,435.7,428.75,430.2,432.1,598,315.3,4370429,1888442221.35,23794
10-10-23,430.15,438.85,428,430.2,435,437.2,435.55,598,315.3,3288646,1432362965.2,27847
11-10-23,438.9,447,438,437.2,447,445.1,443.94,598,315.3,3228077,1433068730.6,41680
12-10-23,449,450.35,444.05,445.1,444.5,445.6,446.61,598,315.3,1700298,759373986.7,25154
13-10-23,444.5,445.8,438.9,445.6,439.85,439.9,442.19,598,315.3,950920,420488565.7,17098
16-10-23,439,444.8,438.95,439.9,442.55,443.25,442.53,598,315.3,1353905,599147747.05,26858
17-10-23,443.55,444.5,440.1,443.25,441.5,442.65,442.44,598,315.3,1043674,461760595.25,19677
18-10-23,442.4,444,431.5,442.65,432.9,433,436.55,598,315.3,1919224,837845615,37468
19-10-23,432.55,440.05,430.1,433,438.55,437.45,435.12,598,315.3,1131689,492421760.35,25150
20-10-23,437,439.55,428.1,437.45,430,430.85,431.29,598,315.3,2066618,891315607.75,27687
23-10-23,432.75,432.75,411.6,430.85,413.8,415.95,421.08,598,315.3,1925177,810651116.5,27153
25-10-23,417,422.75,413.6,415.95,417,417.95,419.4,598,315.3,3289897,1379794610.7,34018
26-10-23,414.6,422.5,407.75,417.95,421,416.3,412.19,598,315.3,2296586,946635262.25,32744
27-10-23,419.45,423.95,415.1,416.3,418.7,417.25,418.29,598,315.3,1693364,708313607.3,20212
30-10-23,420.2,423.6,416,417.25,422.9,421.95,420.87,598,315.3,1290400,543093961.85,18597
31-10-23,423.95,427.45,421,421.95,424,424.45,424.1,598,315.3,1078687,457471974.35,21104
1-11-23,425.5,425.5,404.05,424.45,406.5,406.65,412.66,598,315.3,5188883,2141243503.7,63701
2-11-23,411,423.4,410.15,406.65,419.5,419.7,418.58,598,315.3,3289570,1376964362.4,44617
3-11-23,421,423.95,417.25,419.7,420.05,420.9,420.32,598,315.3,1579359,663842105,21514
6-11-23,421.95,425,420,420.9,421.35,421.25,421.91,598,315.3,1061040,447665328.6,20359
7-11-23,421.8,423.35,418.1,421.25,420.6,419.55,419.97,598,315.3,662939,278414324.25,12714
8-11-23,421.6,426,419.2,419.55,421,421,422.01,598,315.3,1055490,445423933.9,20044
9-11-23,422.4,423.55,415.95,421,418.85,418.3,419.69,598,315.3,882283,370284522.4,17383
10-11-23,418.75,419.85,415.45,418.3,417.95,418.1,417.53,598,315.3,1025880,428333545.15,17442
12-11-23,420,422.2,420,418.1,421.45,420.95,420.87,598,315.3,244482,102894599.75,5977
13-11-23,421.85,422.15,418.4,420.95,419.4,419.4,419.86,598,315.3,698694,293356919.15,16516
15-11-23,421,423.5,417.7,419.4,418.5,418.15,420.16,598,315.3,2736651,1149818312.05,63882
16-11-23,420,420.65,417,418.15,420.35,419.9,418.94,598,315.3,1724084,722291310,26167
17-11-23,422,428,418,419.9,420.65,421.1,423.32,598,315.3,2116735,896048415.6,32181
20-11-23,421.1,424.25,418.2,421.1,421.4,421.5,421.35,598,315.3,1481395,624181864.6,25070
21-11-23,422.4,424.3,419.1,421.5,420,420.15,421.1,598,315.3,1003554,422600747.6,17975
22-11-23,420,421.2,413.25,420.15,414.3,414.25,415.65,598,315.3,1457858,605955575.1,22255
23-11-23,416.75,416.75,408.6,414.25,415.85,415.6,413.55,598,315.3,1212949,501618474.65,22085
24-11-23,415.95,416,411.35,415.6,415.2,414.3,413.37,598,315.3,1929621,797637878.75,32343
28-11-23,421,435.45,417.25,414.3,431,431.2,430.01,598,315.3,7654493,3291533128.9,142415
29-11-23,435,437.3,428.05,431.2,433.7,435.65,433.43,598,315.3,4081524,1769067826.95,49934
30-11-23,436,443,430.7,435.65,438.7,439.25,437.85,598,315.3,6906477,3024024928.25,52745
1-12-23,444,444,438,439.25,440.5,442,441.34,598,315.3,2478791,1093993478.85,43513
4-12-23,460,475.8,453.25,442,474.5,474.55,467.23,598,315.3,13146040,6142161855.6,178999
5-12-23,475,513.5,474.55,474.55,507.5,509.05,501.96,598,315.3,22838581,11464147894.55,315761
6-12-23,515,523.65,499.5,509.05,501,501.1,511.04,598,315.3,13223984,6758000136.85,278832
7-12-23,503.7,508.4,496.35,501.1,505,505.1,504.14,598,315.3,3608185,1819024442.8,56373
8-12-23,508.95,509.6,482.35,505.1,494.4,494.35,494.18,598,315.3,4085720,2019067375.3,64928
11-12-23,497.9,506.5,489.5,494.35,506,504,499.99,589.5,315.3,4277828,2138883969.9,66969
12-12-23,506.05,510.5,497.75,504,501,501.35,503.64,589.5,315.3,3392736,1708704192.95,88039
13-12-23,504,513.4,502.05,501.35,508,509.05,507.63,589.5,315.3,3481573,1767364196.45,50327
14-12-23,514.8,523.4,511.85,509.05,518.9,520.25,518.46,589.5,315.3,5858223,3037258940.55,67231
15-12-23,523.7,529.4,514.5,520.25,522,522.4,524.05,589.5,315.3,5777967,3027968433.75,56642
18-12-23,530,532.5,524.3,522.4,525.9,525.65,528.19,566.35,315.3,2875095,1518599962.6,41769
19-12-23,528.4,530.55,517,525.65,522.95,522.35,522.3,566.35,315.3,2762093,1442651986.6,46950
20-12-23,524,526.3,486,522.35,488.4,490.45,502.64,566.35,315.3,5434428,2731543039.2,89056
21-12-23,481,505.9,480.45,490.45,503.2,503.9,497.05,566.35,315.3,3610387,1794559471.25,62021
22-12-23,505.1,510.4,498.25,503.9,503.1,503.8,503.52,566.35,315.3,2571515,1294821102.6,46597
26-12-23,504,508.55,502.65,503.8,508,505.35,505.87,536.75,315.3,1869260,945607544.85,26600
27-12-23,520.95,523,513.15,505.35,516,517,517.95,536.75,315.3,5618393,2910034415.9,79628
28-12-23,518,519.95,512.05,517,516,514.25,515.61,536.75,315.3,1945694,1003209782.1,36706
29-12-23,514.6,522.45,511.6,514.25,519.7,520.9,519.15,536.75,315.3,2686563,1394733922.6,36385
1-1-24,520.85,539.7,519.8,520.9,530.2,534.3,532.29,539.7,315.3,4251624,2263094836.25,50473
2-1-24,537,537,518.5,534.3,528.65,530.9,528.3,539.7,315.3,2655551,1402926754.35,48326
3-1-24,538.45,549,528.15,530.9,535.3,536.1,540.02,549,315.3,13711402,7404451134.35,176615
4-1-24,538.35,554.55,536.75,536.1,548,549.45,545.97,554.55,315.3,6112049,3337001491.4,74989
5-1-24,550,557.9,538.4,549.45,541,542.35,549.96,557.9,315.3,5130749,2821695657.75,115561
8-1-24,544.25,544.25,526.9,542.35,530.5,530.2,533.37,557.9,315.3,3333769,1778130139,96227
9-1-24,535.85,538.8,523.25,530.2,524.6,525.2,532.21,557.9,315.3,2741683,1459159888.5,68710
10-1-24,528.7,528.7,518.25,525.2,526.45,526.15,524.28,557.9,315.3,1792977,940027622.9,54762
11-1-24,529.15,541.95,525.4,526.15,538.4,538.25,533.8,557.9,315.3,2505937,1337672249.8,69757
12-1-24,543,544.75,531.1,538.25,533.35,532.4,536.63,557.9,315.3,2315342,1242487852.1,47484
15-1-24,537,537.2,526.5,532.4,533,531.45,532.06,557.9,315.3,1838608,978242711.25,37756
16-1-24,533.8,534.95,525,531.45,527.65,528.7,529.7,557.9,315.3,2732941,1447630493.75,58226
17-1-24,528,539.35,518.25,528.7,523,520.55,527.6,557.9,315.3,6229815,3286846335.1,79488
18-1-24,522.65,526.95,509,520.55,524.95,524.15,520.85,557.9,315.3,2084710,1085827265.4,44360
19-1-24,526.85,538,525.25,524.15,537,537.1,533.38,557.9,315.3,2661086,1419377066.4,51084
20-1-24,538,546,532.1,537.1,540,540.75,540.61,557.9,315.3,2579032,1394261052.25,32500
23-1-24,543.8,543.8,517.05,540.75,524.7,525.05,529.52,557.9,315.3,2682760,1420568288.45,80294
24-1-24,525.05,531,514.5,525.05,528,527.45,522.77,557.9,315.3,3893697,2035514198.3,59177
25-1-24,530,566,526.35,527.45,565.05,560.15,548.93,566,315.3,8019238,4402003628.25,105030
29-1-24,570.9,578.9,562.8,560.15,573.55,574.1,572.62,578.9,315.3,7828638,4482851846.8,122789
30-1-24,574.2,583.95,568.05,574.1,574.5,570.85,577.06,583.95,315.3,4572466,2638566378.45,97886
31-1-24,573.4,586.45,547,570.85,559,560.3,564.39,586.45,315.3,13741694,7755664964.1,207069
1-2-24,568,569.8,554.05,560.3,564.9,565.05,563.22,586.45,315.3,6228014,3507727529.3,104237
2-2-24,570.65,572.25,554.55,565.05,557.25,557.4,562.7,586.45,315.3,3263916,1836619651.35,55210
5-2-24,560,563.15,551,557.4,555.05,555,558.24,586.45,324.3,2366641,1321146430.35,47386
6-2-24,558.95,568,549.95,555,566.5,566.6,560.47,586.45,324.3,2969565,1664346231.8,44637
7-2-24,570,575.95,564.3,566.6,568,568.2,570.5,586.45,324.3,2248160,1282573284.85,42018
8-2-24,570,571.25,559.65,568.2,562,563.35,565.97,586.45,324.3,2089376,1182523815.9,41304
9-2-24,564.7,582.25,552.55,563.35,576.6,576.2,572.24,586.45,324.3,6956624,3980829110.7,95072
12-2-24,582.1,587.2,560.25,576.2,562,563.5,573.83,587.2,324.3,3475737,1994476215.35,70915
13-2-24,566.35,570,552.5,563.5,565.85,568.25,562.22,587.2,324.3,2529788,1422292521.5,55568
14-2-24,560.15,573.35,559.65,568.25,570,570.9,569.11,587.2,324.3,2094616,1192074906.8,32739
15-2-24,573.9,574.8,568.85,570.9,570.8,572.25,571.6,587.2,324.3,1240706,709182279.95,31714
16-2-24,573.2,590.65,573.05,572.25,584.5,585.1,582.52,590.65,324.3,9619487,5603541835.65,89818
19-2-24,588.8,594,581.9,585.1,584.4,584.85,588,594,324.3,3141571,1847237911.6,66038
20-2-24,584.85,590,579.45,584.85,588.9,588.8,585.83,594,324.3,1867263,1093897508.65,45259
21-2-24,591.9,596.7,583.25,588.8,585.6,587.8,591.35,596.7,324.3,4209055,2489005176.35,63854
22-2-24,593,595,583,587.8,592.95,592.75,588.21,596.7,324.3,1838366,1081352422.9,35860
23-2-24,593.8,608.7,587.25,592.75,602,602.95,602.25,608.7,324.3,4824640,2905646582.1,84022
26-2-24,602.95,615.25,602.6,602.95,607,608.6,611.07,615.25,324.3,5715227,3492420511.35,98786
27-2-24,607.95,612.5,599,608.6,601.9,603.35,607.63,615.25,324.3,3604237,2190038549.4,51171
28-2-24,603.9,606,585.1,603.35,588,589.25,592.93,615.25,324.3,2831925,1679130066.75,54826
29-2-24,589.25,609.7,584,589.25,605,605.9,600.51,615.25,324.3,3263796,1959942895.9,50379
1-3-24,608.1,620,607,605.9,616.6,617.6,614.72,620,324.3,4011709,2466073427.15,79037
2-3-24,619.9,621,615.35,617.6,618.95,617.9,618.52,621,324.3,468561,289814872.6,6224
4-3-24,621.25,621.75,612.55,617.9,618,617.15,616.21,621.75,340.8,1878206,1157367019.65,47326
5-3-24,625,625,610.8,617.15,614.25,613.1,615.56,625,340.8,2430074,1495845504.25,43318
6-3-24,612.95,613.65,595.5,613.1,598.6,598.3,600.84,625,340.8,4127035,2479670531.05,61441
7-3-24,598.3,606.6,596.5,598.3,605.05,603.15,603.24,625,340.8,2393414,1443814438.5,32376
11-3-24,604.9,612.4,600.2,603.15,603,602.05,606.14,625,340.8,2547145,1543926701.95,50360
12-3-24,605,605.9,584.05,602.05,585.2,587.55,591.91,625,340.8,2900178,1716641872.5,65652
13-3-24,589.35,590.35,550.8,587.55,559,559.25,566.59,625,340.8,5946259,3369097288.4,97015
14-3-24,555.5,584.7,551.7,559.25,584,582.45,574.98,625,340.8,3200499,1840212237,64946
15-3-24,583.8,603.85,575.85,582.45,599.9,600.75,592.76,625,340.8,3693325,2189257108.45,73898
18-3-24,595,595,582.2,600.75,585,584.65,586.75,625,354.3,6348109,3724783252,131346
19-3-24,582,588.6,572.55,584.65,581.3,580.3,579.74,625,354.3,2021483,1171936224.75,41731
20-3-24,581.35,587.5,566.6,580.3,576.15,576.35,575.64,625,354.3,1678012,965931492.55,50023
21-3-24,580,590.9,580,576.35,586.45,587.2,586.92,625,354.3,1977799,1160806733.3,69383
22-3-24,588,594.7,581.55,587.2,591,589.35,589.78,625,354.3,1818091,1072282239.4,44640
26-3-24,589.35,600.4,586.5,589.35,593.1,595.05,594.41,625,354.3,2175165,1292950109.15,36059
27-3-24,598,610,596.95,595.05,605,601.5,603.62,625,354.3,5070366,3060599485.45,80839
28-3-24,607.5,617,602.25,601.5,613,612.35,611.91,625,354.3,3861492,2362867533.75,66533
1-4-24,619.4,626.65,613.3,612.35,624,621.5,622.17,626.65,363.5,3976554,2474076154.2,73065
2-4-24,622,637.1,619.65,621.5,636,634.7,627.11,637.1,363.5,4503263,2824046664.3,74054
3-4-24,632,640.3,626.5,634.7,635.1,634.95,635.12,640.3,363.5,4389047,2787585953.1,110085
4-4-24,640,640.8,623.6,634.95,625,624.7,628.77,640.8,363.5,2100754,1320882956.2,49938
5-4-24,624.75,633.25,618.2,624.7,627.8,627.2,628.14,640.8,363.5,2386291,1498914122.95,55276
8-4-24,627.2,634.5,622.1,627.2,628.85,630.55,629.96,640.8,373.35,2965491,1868141655.6,52654
9-4-24,631.4,633.95,618.55,630.55,622,623.1,628.93,640.8,373.35,2431726,1529374817.05,45521
10-4-24,620.4,628.75,620.4,623.1,624.85,625.65,626.22,640.8,373.35,1293786,810195785.1,37188
12-4-24,623.5,630.3,605.6,625.65,612,608.85,615.93,640.8,373.35,4161320,2563066191.45,75666
15-4-24,600,615.6,593.45,608.85,608,606.85,607.82,640.8,373.35,2647237,1609044569.25,63808
16-4-24,604.95,622,601.25,606.85,622,617.55,612.62,640.8,373.35,1983635,1215222763.6,40549
18-4-24,637.8,637.8,611,617.55,619.45,615.25,625.47,640.8,373.35,4944023,3092333178,89148
19-4-24,612,614.15,601.05,615.25,608.95,609.65,609.53,640.8,373.35,2001911,1220230536.7,56173
22-4-24,616,621.1,613.1,609.65,618.75,616.3,617.56,640.8,373.35,1566507,967407165.35,40792
23-4-24,621.25,639,618.75,616.3,637,636.55,632.2,640.8,373.35,3751042,2371420032.95,77475
24-4-24,641,646.8,635.1,636.55,646.8,644.45,642.31,646.8,373.35,4701815,3020010970.05,91687
25-4-24,644,649,629.2,644.45,636.25,638.35,638.24,649,373.35,3367321,2149168793.75,76302
26-4-24,642,642,630.1,638.35,632,632.35,636.08,649,373.35,1663147,1057899106.15,42669
29-4-24,638,638.3,625.1,632.35,629.05,629.65,630.13,649,375.75,2217374,1397240446.45,54902
30-4-24,634,634,616.25,629.65,618.95,619.9,621.93,649,375.75,5514688,3429762282.7,118691
2-5-24,615,630.9,609.15,619.9,624.1,625.7,621.4,649,375.75,6286712,3906553057.4,120114
3-5-24,629.5,634.45,616.3,625.7,621.1,622.45,625.06,649,375.75,2566478,1604210821.85,51022
6-5-24,625.05,625.75,599.85,622.45,608.9,607.45,611.01,649,395.5,3525659,2154218021,86504
7-5-24,610.7,612.2,588.8,607.45,593.3,593.95,597.14,649,395.5,2548462,1521792991.05,60173
8-5-24,590.95,601,588,593.95,593,594.55,595.65,649,395.5,2526772,1505068923.5,56650
9-5-24,596,596.15,572,594.55,574,574.3,582.86,649,395.5,2481928,1446627017.55,57353
10-5-24,576,586,573.3,574.3,581.5,581.8,581.03,649,395.5,3039660,1766121312.5,56747
13-5-24,584.05,591.75,569.4,581.8,586.3,588.2,580.53,649,395.5,2203837,1279383361.35,54125
14-5-24,587.1,616.95,587,588.2,611,610.2,604.04,649,395.5,3537595,2136861990.9,66494
15-5-24,612,618.25,609.9,610.2,611.7,613.25,613.95,649,395.5,1479399,908277428.05,55367
16-5-24,613.1,616.45,606.2,613.25,615,615.4,611.83,649,395.5,2013842,1232135412.7,104298
17-5-24,616,622.15,611.15,615.4,620.3,620.7,615.97,649,395.5,2065379,1272218603.65,76017
18-5-24,620.7,623.3,617,620.7,620.45,619,620.01,649,395.5,151474,93914761.05,5191
21-5-24,620.9,634.75,613.3,619,630,631.7,627.69,649,404.05,3811359,2392352284.35,95198
22-5-24,631.7,635.75,621.65,631.7,633,633.05,631.3,649,404.05,2209062,1394574875.65,71317
23-5-24,635,648.3,626.6,633.05,645,646.5,639.88,649,404.05,4718924,3019557277.8,94711
24-5-24,648,656.95,627.35,646.5,637,635.3,641.92,656.95,404.05,4865705,3123411213.75,83840
27-5-24,638.7,638.7,626.6,635.3,631.3,632.5,631.95,656.95,404.05,1632214,1031473998.25,45240
28-5-24,633.9,636.5,627,632.5,627.05,629.65,631.79,656.95,404.05,2482711,1568543473.65,82742
29-5-24,626.55,633.5,620.4,629.65,631.3,630.1,628.77,656.95,404.05,1702062,1070202781.55,52489
30-5-24,628.95,630.95,616.35,630.1,624,619.15,623.6,656.95,404.05,2485481,1549936549,74722
31-5-24,625,639.85,622.65,619.15,635,634.05,632.78,656.95,404.05,3662225,2317377176.2,89751
3-6-24,668,676.65,653.45,634.05,674,670.8,666.38,676.65,404.05,11189978,7456817048.55,192249
4-6-24,670.8,670.95,518.35,670.8,562.8,556.6,577.32,676.65,404.05,20044195,11571841168,384624
5-6-24,575,601.85,550.25,556.6,600.9,598.9,578.69,676.65,404.05,6564509,3798806949.8,242730
6-6-24,608,622.25,603.75,598.9,610,610.05,612.94,676.65,404.05,3774112,2313296880.75,132252
7-6-24,610.05,624,607.3,610.05,622.1,621.3,618.95,676.65,404.05,3023546,1871437409.2,83176
10-6-24,626,643.05,624,621.3,638.3,640.35,635.91,676.65,404.05,4340712,2760307949.15,111602
11-6-24,645.9,650,637.6,640.35,641,639.75,644.93,676.65,404.05,2706589,1745560652.25,71798
12-6-24,644.75,675.75,638,639.75,667.9,668.7,659.78,676.65,404.05,5320428,3510312968.35,88390
13-6-24,678.7,680.45,654.65,668.7,663.8,664.5,665.6,680.45,404.05,8012245,5332947454.15,155337
14-6-24,689,689,672.2,664.5,673.6,677.2,678.44,689,404.05,15699653,10651247021.5,219588
18-6-24,682.95,682.95,670.3,677.2,674,674.1,674.15,689,404.05,2670571,1800366294,87778
19-6-24,674.65,675.3,654.3,674.1,666,666.8,664.5,689,404.05,3104511,2062934914.45,70792
20-6-24,666,669.5,657.05,666.8,658,659.15,661.08,689,404.05,2840525,1877810004.45,85837
21-6-24,659.15,667.95,653,659.15,656,657.45,660.26,689,404.05,3723454,2458450508.15,84178
24-6-24,655.05,662.45,643.25,657.45,662.4,657.75,651.86,689,404.05,2151184,1402266365.45,80997
25-6-24,662.4,666.55,644,657.75,650,648.8,651.34,689,404.05,2786086,1814696849.25,66670
26-6-24,648.8,665.9,648.05,648.8,654,657.05,658.95,689,404.05,4247865,2799114771.85,97783
27-6-24,658,678.15,652.45,657.05,659.05,660.65,664.7,689,404.05,6564930,4363739397.2,116220
28-6-24,666,674.95,660,660.65,668.2,670.25,667.73,689,404.05,3948035,2636236301.25,83355
1-7-24,668,701.8,664.05,670.25,695,695,687.83,701.8,404.05,6820204,4691108791.7,111425
2-7-24,696.95,706.95,679.3,695,693,692.35,694.92,706.95,404.05,5783589,4019152880.85,91291
3-7-24,695,699.4,687.65,692.35,692,692.7,691.97,706.95,404.05,1357858,939603533,56460
4-7-24,693.3,694.65,671.75,692.7,681,682.1,681.95,706.95,404.05,4072206,2777050536.7,95666
5-7-24,682.1,691,677,682.1,685,686,686.46,706.95,404.05,4592446,3152529852.9,67213
8-7-24,686.45,688.55,679.2,686,682.8,683.55,682.37,706.95,404.05,2099399,1432566241,41109
9-7-24,682,688,671.4,683.55,677.6,677.65,677.86,706.95,404.05,2756185,1868310555.45,68178
10-7-24,680,681.65,656.2,677.65,665,665,662.95,706.95,404.05,7590766,5032309125.55,83937
11-7-24,680,687.95,672.6,665,678,679.15,679.59,706.95,404.05,6139579,4172405044.25,140913
12-7-24,680.5,682.45,673.75,679.15,676.3,676.5,677.81,706.95,404.05,1807744,1225313271.7,69613
15-7-24,686.55,690.45,681.5,676.5,683.15,684.2,685.71,706.95,404.05,2184021,1497599685.2,55067
16-7-24,689.45,692,683.25,684.2,685.4,685.35,686.27,706.95,404.05,2484802,1705245152.15,63944
18-7-24,685.35,692.45,679,685.35,690.05,690.25,686.1,706.95,404.05,3034365,2081865653.9,77190
19-7-24,691.05,692.45,670.4,690.25,677.85,677.9,678.89,706.95,404.05,2613915,1774561133.05,63264
22-7-24,677.85,688.6,673.75,677.9,685,687.1,683.96,706.95,404.05,3014997,2062141767.95,58737
23-7-24,688,695,662.6,687.1,690.3,691.35,685.32,706.95,404.05,4681258,3208136792.2,94800
24-7-24,691.35,693,680.1,691.35,684.75,682.4,684.75,706.95,404.05,1157565,792643354.95,36629
25-7-24,678.1,685,672.5,682.4,677.5,675.9,677.45,706.95,404.05,1226783,831080338.15,34090
26-7-24,676.05,691.45,676.05,675.9,685.55,686.4,685.88,706.95,404.05,1914855,1313357273.9,67894
29-7-24,692,693.5,671,686.4,680,679.85,683.07,706.95,404.05,3176753,2169931841.35,67307
30-7-24,679.85,681.05,671.2,679.85,675,674.45,676.28,706.95,404.05,1526425,1032290814.8,44656
31-7-24,677.75,686.65,672.35,674.45,681.25,679.95,679.22,706.95,404.05,5007055,3400900210.1,105953
1-8-24,680,681,655,679.95,665,664,663.33,706.95,404.05,7613696,5050400056.7,178751
2-8-24,661,662.3,648.6,664,654.5,652.8,654.03,706.95,404.05,3552731,2323609383.3,79460
5-8-24,647,650.55,633.75,652.8,635.4,636.15,640.93,706.95,404.05,3071394,1968562670.25,98343
6-8-24,638.1,649,622.95,636.15,627.5,625.55,634.32,706.95,404.05,2519055,1597897430.45,66143
7-8-24,634,648,633.55,625.55,645,643.3,643.67,706.95,404.05,2259244,1454208828.6,61786
8-8-24,644.95,645.25,637.1,643.3,637.3,638.5,640.56,706.95,404.05,1121594,718449328.6,30647
9-8-24,645,645.5,630.1,638.5,631.3,632,634.06,706.95,404.05,2605583,1652098416.55,57025
12-8-24,621.1,641,617.75,632,636.15,635.45,630.83,706.95,404.05,3209718,2024801836.7,74019
13-8-24,635.3,638.95,622.1,635.45,624.5,624.4,630.01,706.95,404.05,1379099,868850674.2,45374
14-8-24,626.5,628.9,617.5,624.4,621.5,623.2,621.59,706.95,404.05,930171,578188991.35,36034
16-8-24,625,641.95,623.45,623.2,639,640.5,633.23,706.95,404.05,958226,606774916.4,29648
19-8-24,643,643.65,632.2,640.5,633.55,633.7,636.31,706.95,404.05,938492,597170340.85,49653
20-8-24,636,639.45,624.65,633.7,624.8,626.45,629.22,706.95,404.05,1390850,875155329.75,47113
21-8-24,627,631.75,624.8,626.45,629.2,629.25,628.52,706.95,404.05,1038309,652595606.6,32365
22-8-24,629.45,639.5,622.45,629.25,639.5,631.8,630.77,706.95,404.05,5299763,3342954964.7,75932
23-8-24,656,660,631.6,631.8,635,633.6,643.65,706.95,404.05,14351644,9237406654.25,224486
26-8-24,638.95,639.9,625.4,633.6,629.5,627.65,630.43,706.95,404.05,3688932,2325609058.15,84435
27-8-24,628.8,629.85,622.05,627.65,624.1,624.45,625.94,706.95,404.05,2374774,1486459270.05,58549
28-8-24,626.05,627.25,615.1,624.45,617,616.4,618.69,706.95,404.05,2570418,1590303105.15,69554
29-8-24,617.7,619,600.7,616.4,611.2,612.5,608.64,706.95,404.05,6301579,3835419166.2,130655
30-8-24,612.65,621.65,609.4,612.5,618,617.05,615.98,706.95,404.05,3540177,2180682762.3,67442
2-9-24,620,624.2,616.3,617.05,619.1,620.4,619.98,706.95,404.05,2224671,1379247353.75,47869
3-9-24,622.25,622.5,614.15,620.4,620,617.8,618.57,706.95,404.05,2546441,1575151273.15,67932
4-9-24,615,629,612.6,617.8,627.4,627.1,621.62,706.95,404.05,2347174,1459049729.2,55613
5-9-24,628.95,636.75,627.4,627.1,631.3,631.85,632.91,706.95,404.05,2834101,1793719070.5,75400
6-9-24,627,631,620.3,631.85,624.3,623.25,625.17,706.95,404.05,2085086,1303536741.45,55922
9-9-24,622.9,631.5,614.75,623.25,630,630.15,623.8,706.95,404.05,1675042,1044883133.25,48123
10-9-24,630.15,631,623.7,630.15,627.3,627.05,627.65,706.95,404.05,1466555,920478020.35,37857
11-9-24,627,632,620.65,627.05,626.1,623,626.37,706.95,404.05,1659410,1039396750.65,55051
12-9-24,626.1,629.7,620.6,623,628.9,628.15,626.01,706.95,404.05,1052634,658960366.3,46004
13-9-24,628.15,635.75,625.5,628.15,629,629.6,631.21,706.95,404.05,1898585,1198397017.4,53302
16-9-24,631,633.85,626.25,629.6,626.9,627.3,628.85,706.95,404.05,737033,463486880.95,27826
17-9-24,625.95,627.4,620.7,627.3,623,623,623.96,706.95,404.05,1091216,680875854.95,35482
18-9-24,623,626,615,623,620,620.1,620.59,706.95,404.05,736543,457091491.05,26525
19-9-24,624,624,598,620.1,609,608.4,607.7,706.95,404.05,2512582,1526904786.8,65830
20-9-24,611,618.8,607.05,608.4,617.25,616.55,614.46,706.95,404.05,1799104,1105477476.05,66835
23-9-24,620,624,617.1,616.55,621.75,622.05,620.88,706.95,404.05,1601273,994203999.2,49165
24-9-24,620,623.9,615.9,622.05,616.65,618.3,618.91,706.95,404.05,1309122,810222894.95,50638
25-9-24,618.3,619.6,610,618.3,615.3,616.05,613.61,706.95,404.05,1456337,893622819.35,37312
26-9-24,616.05,627.05,610.85,616.05,623,625.15,619.25,706.95,404.05,1936586,1199230004.65,38133
27-9-24,625,636.45,623.15,625.15,632,634,632.57,706.95,404.05,3874843,2451107786.1,72301
30-9-24,634,643.3,628.05,634,630,632.55,637.81,706.95,404.05,4215188,2688488449.5,82877
1-10-24,630.2,634.75,623,632.55,633.3,632.45,629.18,706.95,404.05,1508022,948818163.7,39893
3-10-24,623,633,613.05,632.45,617,617.45,624,706.95,404.05,1552493,968751760.85,59060
4-10-24,615.45,622,604.6,617.45,611.6,610.7,613.39,706.95,404.05,1538542,943720258.6,43783
7-10-24,615,619.35,586.65,610.7,590.55,590.35,594.12,706.95,404.05,3195158,1898302183.15,91390
8-10-24,588.7,610.4,584.45,590.35,610,606.4,599.04,706.95,404.05,3481559,2085601683.45,58545
9-10-24,610,617.4,605.75,606.4,608.5,607.95,613.8,706.95,404.05,3148946,1932815490.45,54185
10-10-24,610.8,613.45,582,607.95,587.2,585.25,591.07,706.95,404.05,6417410,3793145217.85,113712
11-10-24,588.95,592.8,583.05,585.25,583.8,585.2,586.7,706.95,404.05,1939238,1137760504.15,50751
14-10-24,587.95,590.8,583.4,585.2,589.05,588.9,587.72,706.95,404.05,1202564,706766912.55,33768
15-10-24,590.2,597,586.55,588.9,590,590.35,590.15,706.95,404.05,1805205,1065346181.25,55594
16-10-24,590.35,594.45,576.4,590.35,590,589.05,582.31,706.95,404.05,20191089,11757549517.4,79877
17-10-24,588,595.8,569.3,589.05,571.95,571.25,579.22,706.95,404.05,3483057,2017451575.55,48261
18-10-24,571.5,577.4,558.95,571.25,571.1,573.95,565.67,706.95,404.05,5208678,2946386491.75,57456
21-10-24,574.3,577.9,566.3,573.95,571,571.9,572.86,706.95,404.05,3650658,2091333355.7,54015
22-10-24,569,583.25,556.1,571.9,561,558.5,565.92,706.95,404.05,5527745,3128287751.65,105213
23-10-24,561,564.55,551.7,558.5,554.8,555.85,559.47,706.95,404.05,4336713,2426239872.3,53494
24-10-24,557,562.55,553.5,555.85,558.05,558.9,558.24,706.95,404.05,1330005,742468312.45,50368
25-10-24,556.05,561,545.2,558.9,552.35,552.7,551.25,706.95,404.05,1607719,886251238.75,49287
28-10-24,552.7,582.25,547.05,552.7,570,569.4,570.32,706.95,404.05,6419282,3661035054.4,192522
29-10-24,570,576.25,566.65,569.4,574.4,575,573.18,706.95,404.05,2417223,1385495524.55,67337
30-10-24,574.9,585.75,570.45,575,577.5,579.7,580.41,706.95,404.05,2364199,1372213423.65,78830
31-10-24,579.7,586.8,574.35,579.7,581,580.55,581.76,706.95,404.05,2016146,1172921807.25,62992
1-11-24,582.95,585.5,580.05,580.55,581.45,582.45,583.31,706.95,404.05,216563,126322353.45,9360
4-11-24,579.95,580.7,566,582.45,570.5,571.4,570.89,706.95,408.6,1059806,605032965.5,36384
5-11-24,571,575,565.35,571.4,572,572,570.42,706.95,408.6,625470,356778633.5,22573
6-11-24,572,585,572,572,582.45,582.65,581.32,706.95,408.6,1682971,978336408.25,43425
7-11-24,584.2,585.05,569.4,582.65,570.35,570.7,573.58,706.95,408.6,822608,471832387.9,27779
8-11-24,574.7,574.7,561.5,570.7,564.35,564.9,566.12,706.95,408.6,901220,510199601.7,36922
11-11-24,564,567.8,558.55,564.9,561.8,560.4,561.94,706.95,408.6,745179,418743169.15,36110
12-11-24,561.95,565.5,554.5,560.4,555.9,556.6,559.68,706.95,408.6,761982,426466111.2,24458
13-11-24,554,558.25,541.25,556.6,545.15,545.35,547.19,706.95,408.6,838603,458875428.65,27581
14-11-24,545.35,552.3,541.05,545.35,544.7,544.5,545.1,706.95,408.6,1535042,836747723.7,48082
18-11-24,541,555,537.9,544.5,550.1,550.55,547.49,706.95,408.6,1707792,935003292.5,45456
19-11-24,551.05,560.35,546.9,550.55,552.4,549.55,553.08,706.95,408.6,1267126,700825202.2,36736
21-11-24,494.6,500,453.05,549.55,480,484.15,475.58,706.95,408.6,38274256,18202430916.35,345276