date,Open,High ,Low,PREV_CLOSE,LTP,Close,VWAP 52W_L,52W_H,52W_L,VOLUME ,VALUE ,Trades
3-1-22,1849.55,1892.6,1844.8,1847.9,1889.9,1881.85,1877.86,2548.4,1081,141011,264799369.75,8021
4-1-22,1888,1898.3,1860.55,1881.85,1880.05,1876.6,1878.23,2548.4,1081,84425,158569790.85,6299
5-1-22,1876.65,1940,1876.65,1876.6,1912,1911.05,1920.65,2548.4,1081,454090,872149883.2,17083
6-1-22,1909.9,1919.35,1877,1911.05,1890.5,1887.4,1896.12,2548.4,1081,157688,298995213.05,10995
7-1-22,1880,1950.45,1863,1887.4,1934.9,1931.35,1906.31,2548.4,1081,350551,668260285.05,18092
10-1-22,1955,1999,1935.65,1931.35,1990,1994.1,1970.98,2548.4,1081,312571,616069934.1,18725
11-1-22,2000,2029,1979.65,1994.1,1998,1999.45,2000.61,2548.4,1081,329006,658213311.7,23330
12-1-22,2008.9,2035,2003,1999.45,2025.35,2026.8,2019.01,2548.4,1081,121956,246229870.2,10914
13-1-22,2026.8,2038,1990.85,2026.8,2007.05,2004.85,2013.27,2548.4,1081,149076,300130542.55,15044
14-1-22,2004.5,2031,1983.95,2004.85,2009.95,2012.85,2007.57,2548.4,1081,81064,162741574.6,6217
17-1-22,2029,2104.15,2010,2012.85,2065,2066.7,2045.83,2548.4,1081,289553,592377088.85,19071
18-1-22,2082,2082,1969.95,2066.7,1983.35,1981.55,2016.91,2548.4,1081,118647,239300853.15,10078
19-1-22,1975,2008.95,1958,1981.55,1987.9,1983.65,1981.87,2548.4,1081,118696,235239758.4,10817
20-1-22,1978,2024.75,1978,1983.65,1986.1,1988.85,2003.1,2548.4,1081,81786,163825809.55,8143
21-1-22,1974,2003.95,1917.2,1988.85,1948,1951.7,1967.14,2548.4,1081,429037,843977761.9,25103
24-1-22,1940.6,1975.7,1823.55,1951.7,1870,1867.55,1864.18,2548.4,1115.5,235536,439080891.3,15005
25-1-22,1847,1855.15,1805.05,1867.55,1832.8,1834.85,1833.64,2548.4,1115.5,287522,527211045.8,28215
27-1-22,1834.85,1834.85,1666,1834.85,1710,1726.35,1754.7,2548.4,1115.5,399267,700595409.9,31249
28-1-22,1672.25,1838.25,1672.25,1726.35,1779.95,1784.7,1794.72,2548.4,1115.5,460321,826148265.7,37347
31-1-22,1789.9,1819.95,1757.05,1784.7,1769,1781.8,1787.86,2548.4,1135.6,275088,491819621.15,16794
1-2-22,1795,1940,1782.1,1781.8,1889,1902.7,1873.49,2548.4,1135.6,898614,1683541688.3,47323
2-2-22,1900.9,1933.8,1871.4,1902.7,1914.9,1919.55,1911.28,2548.4,1135.6,258631,494315156,20906
3-2-22,1914,1970.7,1906.4,1919.55,1961.9,1941.7,1935.16,2548.4,1135.6,442397,856107485.55,21374
4-2-22,1950,1960,1920.15,1941.7,1936.85,1940.2,1941.01,2548.4,1135.6,161686,313833856,12267
7-2-22,1940.2,1986.45,1922.6,1940.2,1983.1,1978.6,1960.46,2548.4,1245,259444,508628874.05,14998
8-2-22,1993.05,2015,1935,1978.6,1935.45,1939.95,1969.2,2548.4,1245,152058,299433306.55,11107
9-2-22,1948.7,1985.8,1935.45,1939.95,1971,1969.3,1960,2548.4,1245,195396,382975317.6,8346
10-2-22,1970.05,1976.05,1915,1969.3,1946.6,1948.15,1943.89,2548.4,1245,84587,164427646.6,5481
11-2-22,1930.4,1950.5,1876,1948.15,1894.65,1898.95,1902.79,2548.4,1245,153632,292330180.25,9042
14-2-22,1852,1883.3,1793.3,1898.95,1806,1804.45,1843.19,2548.4,1365.6,121456,223866853.55,8631
15-2-22,1810,1860,1791.8,1804.45,1852.7,1854.6,1840.49,2548.4,1365.6,175484,322975926.8,11019
16-2-22,1864.75,1873.5,1818,1854.6,1826,1830.3,1850,2548.4,1365.6,71239,131792349.85,6338
17-2-22,1835,1865,1805.65,1830.3,1835.1,1842.85,1832.21,2548.4,1365.6,384735,704914338.75,12375
18-2-22,1827.1,1836.45,1761.15,1842.85,1780,1789.05,1798.13,2548.4,1365.6,317609,571103578,17186
21-2-22,1779.05,1798.9,1730.1,1789.05,1748,1739.15,1758.89,2548.4,1365.6,89264,157005707.65,8519
22-2-22,1705,1732.15,1653.25,1739.15,1687.5,1686.25,1691.46,2548.4,1365.6,292670,495040865.6,18499
23-2-22,1708.05,1708.05,1648.3,1686.25,1659.85,1654.25,1675.2,2548.4,1365.6,173698,290979565.8,13406
24-2-22,1571.1,1623.75,1512.55,1654.25,1554.9,1536.85,1573.37,2548.4,1365.6,516658,812896129.9,27681
25-2-22,1536.85,1620.75,1536.85,1536.85,1580,1574.85,1588.54,2548.4,1365.6,482562,766571267.1,32752
28-2-22,1569,1598,1493.15,1574.85,1566,1567,1542.37,2548.4,1405.1,462614,713523621.4,20338
2-3-22,1560,1560.35,1485,1567,1517.2,1517.35,1527.22,2548.4,1405.1,401048,612487984.3,25393
3-3-22,1521,1548.8,1420.85,1517.35,1429,1426.8,1458.37,2548.4,1405.1,369623,539047329.8,20130
4-3-22,1423.6,1454.95,1353.2,1426.8,1405.9,1404.4,1401.1,2548.4,1353.2,478418,670311782.45,30738
7-3-22,1359,1373.9,1290.15,1404.4,1330.95,1331,1319.81,2548.4,1290.15,553126,730023273.1,29450
8-3-22,1326.1,1379.7,1278.15,1331,1358.5,1362.25,1328.5,2548.4,1278.15,573703,762162217.6,24713
9-3-22,1366.4,1475.9,1362.25,1362.25,1474,1465.1,1434.5,2548.4,1278.15,442885,635318370.5,25873
10-3-22,1515.1,1529.95,1442.7,1465.1,1480,1482.15,1485.56,2548.4,1278.15,466778,693428909.45,30195
11-3-22,1473.5,1480,1402,1482.15,1426,1429.85,1431.02,2548.4,1278.15,449351,643028649.3,30629
14-3-22,1415,1429,1378.15,1429.85,1424.7,1407.4,1403.97,2548.4,1278.15,313954,440781395,17206
15-3-22,1421.75,1474.9,1405.05,1407.4,1410,1423.8,1442.02,2548.4,1278.15,389816,562122183.65,21788
16-3-22,1451.8,1482,1425.75,1423.8,1475,1473.6,1462.23,2548.4,1278.15,405627,593121437,17088
17-3-22,1490,1523.4,1450.6,1473.6,1459,1460.25,1491.11,2548.4,1278.15,352511,525634102,21655
21-3-22,1460,1460,1412.35,1460.25,1421.9,1425.15,1435.06,2548.4,1278.15,277487,398211785.8,15154
22-3-22,1425.15,1431.95,1397.05,1425.15,1424,1422.45,1419.38,2548.4,1278.15,208200,295514083.2,14273
23-3-22,1427,1440.75,1390.1,1422.45,1397.8,1412.5,1419.01,2548.4,1278.15,145765,206842646.95,8033
24-3-22,1404.95,1412.1,1381.15,1412.5,1384.9,1388.45,1396.69,2548.4,1278.15,165414,231032030.3,9792
25-3-22,1400,1403.35,1351.4,1388.45,1363,1360.4,1370.06,2548.4,1278.15,171297,234687373.45,11678
28-3-22,1360.5,1396.95,1341.35,1360.4,1377.1,1383.65,1363.58,2548.4,1278.15,239415,326460908.65,11572
29-3-22,1375,1448.95,1370.95,1383.65,1437,1431.7,1427.99,2548.4,1278.15,524071,748367058.4,24500
30-3-22,1452.3,1502.4,1442.75,1431.7,1495,1493.15,1484.52,2548.4,1278.15,682116,1012612755.75,26920
31-3-22,1505.55,1507.65,1465,1493.15,1495,1495.6,1490.61,2548.4,1278.15,215880,321792242.8,9797
1-4-22,1502,1534.95,1485,1495.6,1525,1526.2,1520.79,2548.4,1278.15,396086,602362065.15,15918
4-4-22,1526.25,1583.3,1526.25,1526.2,1581,1576.9,1565.2,2548.4,1278.15,248638,389168763.9,11936
5-4-22,1592.7,1609.1,1527.8,1576.9,1589.9,1592.35,1579.6,2548.4,1278.15,228634,361149540.5,12986
6-4-22,1576,1624,1561.3,1592.35,1599.9,1593.9,1600.75,2548.4,1278.15,360524,577110316,17762
7-4-22,1608,1614,1582.2,1593.9,1592.95,1589.2,1597.53,2548.4,1278.15,204798,327169939.55,13377
8-4-22,1600,1622,1597.05,1589.2,1609.55,1607.25,1607.73,2548.4,1278.15,122637,197167731,6533
11-4-22,1619.4,1640.4,1593,1607.25,1617.8,1620.55,1617.44,2548.4,1278.15,257239,416067561.65,14082
12-4-22,1620.55,1631.45,1570,1620.55,1611.7,1602.5,1602,2548.4,1278.15,306061,490310229.45,15312
13-4-22,1615,1640.5,1603.25,1602.5,1631,1630,1626,2548.4,1278.15,225482,366633891.25,8542
18-4-22,1634,1634,1590.35,1630,1604,1601.8,1608.39,2548.4,1278.15,109683,176412874.35,7545
19-4-22,1614,1623.7,1538.05,1601.8,1545,1573.05,1592.12,2548.4,1278.15,109892,174961429.5,6680
20-4-22,1573.05,1622,1545.25,1573.05,1583.45,1588.95,1597.98,2548.4,1278.15,144033,230162307.6,8293
21-4-22,1610,1625,1595,1588.95,1616.55,1613.25,1611.86,2548.4,1278.15,80366,129538968.25,5291
22-4-22,1617,1635,1592.05,1613.25,1625,1620.25,1617.59,2548.4,1278.15,139864,226242240.75,9669
25-4-22,1605.5,1609,1561.5,1620.25,1570,1570.9,1580.61,2548.4,1278.15,113876,179993521.8,7967
26-4-22,1588.7,1604.3,1573.2,1570.9,1588.7,1583.1,1591.45,2548.4,1278.15,91848,146171871.4,6636
27-4-22,1565,1590,1522.65,1583.1,1551,1549.6,1553.28,2548.4,1278.15,118416,183933097.55,7117
28-4-22,1568,1568,1529.5,1549.6,1540.2,1538.3,1542.97,2548.4,1278.15,129525,199853361.05,10079
29-4-22,1540.2,1564,1514.4,1538.3,1519.45,1519.15,1540.93,2548.4,1278.15,149626,230563118.65,5955
2-5-22,1519.15,1519.15,1476.35,1519.15,1503.4,1501.75,1491.36,2548.4,1278.15,82450,122962760.65,6528
4-5-22,1502,1509.95,1436,1501.75,1448.85,1444.55,1474.03,2548.4,1278.15,112315,165555137.05,7003
5-5-22,1444.55,1495.9,1429,1444.55,1436,1439.95,1457.16,2548.4,1278.15,198288,288936705.1,8678
6-5-22,1425,1445,1396.15,1439.95,1429.6,1427.45,1418.89,2548.4,1278.15,102810,145876050.35,6324
9-5-22,1385,1468.5,1385,1427.45,1454,1452.8,1433.32,2548.4,1278.15,199132,285419390.9,11515
10-5-22,1477.9,1486.15,1366.25,1452.8,1420,1421.8,1418.49,2548.4,1278.15,559455,793580650.9,23571
11-5-22,1420,1460,1373.6,1421.8,1444.2,1447,1421.91,2548.4,1278.15,322693,458841462.75,23339
12-5-22,1435,1438,1379,1447,1410,1405.5,1397.55,2548.4,1278.15,197668,276251548.35,11915
13-5-22,1414,1448.4,1400.1,1405.5,1411.95,1408,1421.68,2548.4,1278.15,115514,164223968.75,7636
16-5-22,1420,1440,1392,1408,1433.1,1435,1423.48,2548.4,1278.15,99952,142280119.25,7529
17-5-22,1448.3,1468,1406.05,1435,1418,1413.7,1428.15,2548.4,1278.15,268548,383527522.3,21017
18-5-22,1418.1,1439.8,1391,1413.7,1425,1422.2,1422.82,2548.4,1278.15,156581,222786021.95,7836
19-5-22,1410,1410,1346.55,1422.2,1371.75,1369.15,1368.32,2548.4,1278.15,225747,308893191.55,10981
20-5-22,1386.75,1411,1384.7,1369.15,1400,1399.5,1398.35,2548.4,1278.15,291685,407877975.45,20186
23-5-22,1410.1,1430.45,1351.2,1399.5,1370.7,1367.25,1395.42,2548.4,1278.15,229656,320466480.6,16854
24-5-22,1370.65,1380.9,1315.85,1367.25,1320,1322.45,1335.53,2548.4,1278.15,252700,337488842.3,11960
25-5-22,1322,1342.1,1269.3,1322.45,1308,1290.8,1305.17,2548.4,1269.3,260926,340553746.5,15043
26-5-22,1306.25,1341.45,1253.6,1290.8,1337,1334.25,1293.36,2548.4,1253.6,167934,217199622.75,10701
27-5-22,1358,1358,1325.45,1334.25,1332,1334.9,1341.66,2548.4,1253.6,54102,72586333.65,3992
30-5-22,1345.1,1388,1339.5,1334.9,1376.1,1374.1,1365.08,2548.4,1253.6,167668,228880225.25,7587
31-5-22,1375.25,1375.3,1352.05,1374.1,1362.9,1362.5,1362.26,2548.4,1253.6,112261,152928603.15,6961
1-6-22,1372.9,1410,1345.8,1362.5,1367.55,1362.4,1380.04,2548.4,1253.6,193277,266729674.55,10655
2-6-22,1360.1,1377.95,1345,1362.4,1374,1373.75,1361.62,2548.4,1253.6,81580,111081155.65,5114
3-6-22,1378,1381.4,1250,1373.75,1257,1252.8,1283.43,2548.4,1250,998453,1281441544.85,42534
6-6-22,1252.8,1298,1240.5,1252.8,1279,1282.7,1269.43,2548.4,1240.5,484135,614574596.85,24940
7-6-22,1273,1275.95,1228.1,1282.7,1239,1237.75,1236.82,2548.4,1228.1,745995,922661695.95,27008
8-6-22,1237.75,1307.5,1237.75,1237.75,1270,1269.7,1279.21,2548.4,1228.1,1152471,1474247614.55,50465
9-6-22,1270,1301.9,1265.2,1269.7,1290,1294.25,1282.88,2548.4,1228.1,227321,291625827.7,12072
10-6-22,1282,1319.8,1272.85,1294.25,1288,1288.3,1291.94,2548.4,1228.1,237561,306913800.85,9773
13-6-22,1276,1276,1238,1288.3,1262,1261,1256.13,2548.4,1228.1,175241,220125340.7,9483
14-6-22,1247,1308.95,1247,1261,1289,1285.25,1285.42,2548.4,1228.1,221725,285008930.25,12378
15-6-22,1275,1294.45,1265.45,1285.25,1276,1280.8,1281.92,2548.4,1228.1,171880,220336478.65,9314
16-6-22,1290,1299.85,1238.7,1280.8,1252.85,1252.35,1263.2,2548.4,1228.1,141989,179360665,7299
17-6-22,1254.15,1278.8,1228.45,1252.35,1251,1259.4,1258.36,2548.4,1228.1,189877,238933168.2,10132
20-6-22,1257,1260.5,1212.5,1259.4,1250,1253.4,1244.16,2548.4,1212.5,182152,226625391.2,10667
21-6-22,1261.95,1291.35,1250.75,1253.4,1260,1258.2,1261.75,2548.4,1212.5,351625,443662345.7,5943
22-6-22,1258.2,1258.2,1214.85,1258.2,1240.95,1246.95,1235.4,2548.4,1212.5,143132,176825683.9,7188
23-6-22,1246.9,1273,1238,1246.95,1254.9,1252.55,1257.1,2548.4,1212.5,84639,106399775.55,5728
24-6-22,1262.35,1310,1261.65,1252.55,1295.8,1296.5,1296.16,2548.4,1212.5,265788,344502643.65,17400
27-6-22,1310.55,1327.9,1287.7,1296.5,1301.75,1302.6,1307.21,2548.4,1212.5,217782,284686413.75,10272
28-6-22,1299,1313.8,1273.15,1302.6,1304,1302.4,1298.59,2548.4,1212.5,133711,173635509.6,8706
29-6-22,1296,1321.85,1281.45,1302.4,1298.95,1289.55,1300.26,2548.4,1212.5,167100,217272735.85,9561
30-6-22,1291.35,1300.05,1267.25,1289.55,1280.25,1283.65,1283.54,2548.4,1212.5,142989,183532409.6,8716
1-7-22,1280,1337.8,1272.5,1283.65,1326,1326.85,1314.35,2548.4,1212.5,197336,259369227.45,13213
4-7-22,1328.7,1340,1292,1326.85,1315,1317.8,1315.91,2548.4,1212.5,561448,738812365.45,31285
5-7-22,1317.8,1329.5,1298,1317.8,1302,1301.95,1317.4,2548.4,1212.5,128140,168811780.6,8280
6-7-22,1309.25,1386.5,1309,1301.95,1383,1381.5,1360.63,2548.4,1212.5,485108,660052247.15,23833
7-7-22,1390,1464.7,1376.3,1381.5,1450,1453.15,1435.11,2548.4,1212.5,635765,912395856.1,23397
8-7-22,1458,1458.45,1425.55,1453.15,1430,1433.65,1441.23,2548.4,1212.5,146937,211770696.05,11043
11-7-22,1430,1454.25,1415,1433.65,1447,1450.5,1441.8,2548.4,1212.5,185203,267025071.95,9516
12-7-22,1446,1453.9,1431.85,1450.5,1442,1438.15,1443.82,2548.4,1212.5,193946,280023941.6,8905
13-7-22,1449.05,1492.7,1447.2,1438.15,1474,1477.15,1474.86,2548.4,1212.5,365907,539660128.35,18754
14-7-22,1477.15,1489.8,1431.15,1477.15,1439.95,1440.1,1460.37,2548.4,1212.5,225508,329325165.25,13849
15-7-22,1440.55,1459,1422.15,1440.1,1450,1448.35,1442.19,2548.4,1212.5,256744,370272911.15,15743
18-7-22,1467.8,1508.15,1457.15,1448.35,1490.1,1490.4,1490.46,2548.4,1212.5,181648,270739841.7,9156
19-7-22,1494.1,1522.95,1480.35,1490.4,1510,1514.7,1505.96,2548.4,1212.5,142444,214514258.25,7562
20-7-22,1529,1529.05,1505,1514.7,1507.5,1512.9,1516.49,2548.4,1212.5,195038,295773508.2,11667
21-7-22,1518.9,1546.5,1498,1512.9,1542,1539.75,1530.38,2548.4,1212.5,164554,251830138.8,9953
22-7-22,1548.5,1603.25,1530.05,1539.75,1586.95,1595.45,1568.27,2548.4,1212.5,306694,480978247.6,13351
25-7-22,1585,1595.1,1540.85,1595.45,1549,1549.75,1559.46,2548.4,1212.5,150588,234835474.05,8567
26-7-22,1557.7,1569,1517.5,1549.75,1538.05,1534.45,1536.29,2548.4,1212.5,229628,352775658.6,10186
27-7-22,1540,1589,1530,1534.45,1577.05,1576.45,1567.95,2548.4,1212.5,136055,213327624.8,8408
28-7-22,1575.5,1612,1568.15,1576.45,1586.9,1585.3,1591.14,2548.4,1212.5,185725,295513714.9,10859
29-7-22,1606.45,1618.95,1588.2,1585.3,1599,1599.65,1606.47,2548.4,1212.5,174876,280933260.6,10955
1-8-22,1590.1,1612.8,1578.3,1599.65,1588.1,1586.3,1592.6,2548.4,1212.5,142183,226440828.65,9536
2-8-22,1595.1,1610.55,1574.85,1586.3,1584.85,1582.45,1591.24,2548.4,1212.5,72178,114852817.75,4964
3-8-22,1585,1585.15,1535,1582.45,1561.95,1547.3,1547.31,2548.4,1212.5,317873,491846508,8897
4-8-22,1550,1602,1550,1547.3,1556.75,1561.85,1571.01,2548.4,1212.5,391013,614286977.65,16309
5-8-22,1565,1628.25,1550,1561.85,1605,1616.3,1608.57,2548.4,1212.5,412824,664056515.4,21130
8-8-22,1619,1633.05,1595,1616.3,1604.75,1603.3,1611.97,2548.4,1212.5,346059,557836170.5,10532
10-8-22,1609,1609,1547.65,1603.3,1562,1557.7,1563.91,2548.4,1212.5,136987,214234721.05,9495
11-8-22,1573.1,1588,1552.05,1557.7,1560.05,1563.25,1573.2,2548.4,1212.5,108932,171371344.95,9303
12-8-22,1569.1,1575,1532.1,1563.25,1558.3,1559.8,1556.32,2548.4,1212.5,171846,267447525.1,9469
16-8-22,1564,1594.6,1556.8,1559.8,1580.2,1584.65,1581.81,2548.4,1212.5,111506,176381431.85,6387
17-8-22,1589.75,1605,1580,1584.65,1599.9,1595.35,1595.4,2548.4,1212.5,177704,283509160.95,7488
18-8-22,1604.65,1675.9,1593.05,1595.35,1670,1666.9,1640.58,2548.4,1212.5,663124,1087906511.5,24324
19-8-22,1680,1706.05,1605,1666.9,1612,1616.1,1656.24,2548.4,1212.5,949279,1572229488.25,39908
22-8-22,1612,1613.35,1542.65,1616.1,1551.8,1554.1,1581.69,2548.4,1212.5,246021,389129915.4,14443
23-8-22,1549,1573,1522.45,1554.1,1562.1,1561.35,1553.94,2548.4,1212.5,304515,473197171.85,17201
24-8-22,1561.9,1562.75,1538,1561.35,1552.1,1552.4,1549.95,2548.4,1212.5,153804,238389086.1,12688
25-8-22,1564.2,1564.2,1531.65,1552.4,1536,1537.05,1547.45,2548.4,1212.5,235046,363721673.75,16391
26-8-22,1550.05,1557.45,1527.1,1537.05,1533,1531.55,1538.48,2548.4,1212.5,165448,254539101.3,7596
29-8-22,1515.15,1535,1504.25,1531.55,1528.7,1528.75,1519.39,2548.4,1212.5,159610,242509065.3,9637
30-8-22,1534.9,1549.45,1523.05,1528.75,1540.35,1536.35,1538.19,2548.4,1212.5,260735,401059171.5,15737
1-9-22,1536,1551.95,1516.15,1536.35,1530.4,1530.8,1533.02,2548.4,1212.5,199188,305358334.95,13908
2-9-22,1535,1559.6,1524.35,1530.8,1535,1534.65,1541.23,2548.4,1212.5,195435,301211155.15,10995
5-9-22,1534,1558.4,1530.5,1534.65,1550.3,1550.6,1549.31,2548.4,1212.5,139318,215846501.85,11688
6-9-22,1558.85,1569.8,1535,1550.6,1555,1556.95,1554.01,2548.4,1212.5,173628,269819237.3,10604
7-9-22,1541.55,1624,1541.55,1556.95,1608,1603.85,1600.94,2548.4,1212.5,481881,771461867.5,30617
8-9-22,1620.95,1660,1600.5,1603.85,1654,1652.3,1634.61,2548.4,1212.5,716623,1171399019.2,35941
9-9-22,1654,1723.45,1651.1,1652.3,1659.9,1660.25,1682.61,2548.4,1212.5,625033,1051684500.9,28880
12-9-22,1660.25,1699,1650.3,1660.25,1691,1692.65,1684.32,2548.4,1212.5,361721,609252161.9,16388
13-9-22,1702,1724.85,1656.1,1692.65,1656.1,1660.2,1685.75,2548.4,1212.5,286939,483708200.1,21042
14-9-22,1647,1793.15,1631.1,1660.2,1763,1764.75,1743.41,2548.4,1212.5,1429213,2491708857.55,50885
15-9-22,1782.65,1794.7,1750.05,1764.75,1763,1764.35,1771.81,2548.4,1212.5,340288,602925526.25,17038
16-9-22,1750,1768.65,1665.8,1764.35,1687.75,1687.15,1705.94,2548.4,1212.5,386682,659657204.95,22015
19-9-22,1680,1698.4,1635.3,1687.15,1668.9,1667.15,1671.94,2259,1212.5,207928,347642447.5,13615
20-9-22,1689,1733.45,1674.15,1667.15,1705,1717.85,1708.69,2259,1212.5,309316,528526497.5,22579
21-9-22,1699.95,1725,1671.25,1717.85,1678,1679.05,1702.86,2259,1212.5,323303,550540516.45,16052
22-9-22,1674.95,1712.6,1636.05,1679.05,1669,1651.55,1665.92,2259,1212.5,187809,312875172.25,11724
23-9-22,1651.55,1677.3,1571,1651.55,1579.85,1580.1,1603.81,2259,1212.5,265789,426275661.05,15732
26-9-22,1571,1575,1506.15,1580.1,1547.95,1545.8,1547.55,2199,1212.5,161296,249613874.2,14405
27-9-22,1574.9,1580,1520.85,1545.8,1526,1526.9,1544.51,2199,1212.5,154735,238990452.85,9184
28-9-22,1526,1542.35,1495.65,1526.9,1523.8,1523,1523.47,2199,1212.5,130786,199248491,8121
29-9-22,1535.15,1556.05,1515.95,1523,1556,1550.25,1535.64,2199,1212.5,125438,192627478.95,9027
30-9-22,1559.05,1606.55,1511.1,1550.25,1600,1598,1581.81,2199,1212.5,153532,242858152.1,13523
3-10-22,1595,1605.4,1535.25,1598,1556.5,1553.75,1571.4,2199,1212.5,144302,226755928.45,8079
4-10-22,1575,1600,1560.15,1553.75,1598.25,1595.95,1584.16,2199,1212.5,69596,110251135.45,4958
6-10-22,1583.05,1632,1563.7,1595.95,1565.05,1570.65,1594.42,2199,1212.5,234208,373425396.6,13021
7-10-22,1565.1,1565.1,1494.5,1570.65,1525.95,1524.35,1517.56,2199,1212.5,558920,848192432.05,26889
10-10-22,1500.05,1545.95,1500.05,1524.35,1531,1532.45,1528.35,2199,1212.5,181271,277046289.5,10467
11-10-22,1540,1543.95,1483.05,1532.45,1485.6,1490.15,1515.27,2199,1212.5,170005,257602651.85,7546
12-10-22,1501.1,1531.35,1478.2,1490.15,1520,1522.15,1506.44,2199,1212.5,150823,227206043.75,11643
13-10-22,1511,1528.6,1489.65,1522.15,1509,1506.4,1508.62,2199,1212.5,70179,105873187.25,4916
14-10-22,1518.6,1550.2,1496.35,1506.4,1504.6,1503.45,1523.99,2199,1212.5,257969,393142508.15,13033
17-10-22,1500,1530,1476.05,1503.45,1513,1509.1,1504.8,2199,1212.5,137270,206563713.75,7680
18-10-22,1513,1532.6,1497.9,1509.1,1511.45,1510.7,1514.96,2199,1212.5,227633,344854518.45,15774
19-10-22,1512,1532.95,1508,1510.7,1523.95,1518.05,1519.85,2199,1212.5,126421,192141312.3,6988
20-10-22,1515,1531,1505.7,1518.05,1522.8,1523.65,1519.18,2199,1212.5,121387,184409066.45,7518
21-10-22,1517.75,1539.7,1512.55,1523.65,1530,1528.6,1527.72,2199,1212.5,135108,206406561.3,9136
24-10-22,1540,1540.4,1511.1,1528.6,1523.7,1520.7,1524.87,2199,1212.5,18922,28853564.95,1262
25-10-22,1523,1572.85,1520.7,1520.7,1532,1532.2,1545.1,2199,1212.5,230807,356619442.75,14588
27-10-22,1540,1587.95,1535.2,1532.2,1580,1582.3,1569.81,2199,1212.5,175456,275433325.8,13122
28-10-22,1579,1585.45,1526.5,1582.3,1535.4,1532.55,1547.42,2199,1212.5,89219,138059480.6,7636
31-10-22,1535.5,1605,1535.5,1532.55,1595.05,1600.95,1591.22,2199,1212.5,313925,499522301.1,21076
1-11-22,1615,1616.15,1589.6,1600.95,1606.9,1605.6,1603.68,2199,1212.5,166393,266841596.55,13566
2-11-22,1609,1618.45,1575.25,1605.6,1592.55,1595.1,1599.78,2199,1212.5,232645,372180081.85,15765
3-11-22,1585,1673.5,1585,1595.1,1656.9,1653.7,1635.51,2199,1212.5,642435,1050706883.4,34949
4-11-22,1657,1750,1653.75,1653.7,1742,1742.5,1719.54,2199,1212.5,930606,1600210945.5,40916
7-11-22,1759,1772.45,1725,1742.5,1763.8,1767.4,1753.55,2199,1212.5,278379,488150401.05,15316
9-11-22,1750,1785,1725.6,1767.4,1730,1735.35,1750.95,2199,1212.5,289595,507065822.25,12802
10-11-22,1723,1732.45,1671.05,1735.35,1677.65,1681.7,1695.48,2199,1212.5,176661,299525401.15,12345
11-11-22,1692.35,1713.95,1656.55,1681.7,1659.9,1667.9,1675.46,2199,1212.5,202042,338513584.75,12639
14-11-22,1669.75,1706.95,1659.9,1667.9,1688.9,1690.8,1689.94,2164.15,1212.5,175298,296243701.65,9542
15-11-22,1680,1716,1670.4,1690.8,1682.8,1679.65,1691.12,2164.15,1212.5,182416,308486574.4,13652
16-11-22,1680.1,1738,1680.1,1679.65,1707.75,1707.85,1714.79,2164.15,1212.5,578329,991714093.1,31100
17-11-22,1707,1732.9,1694.55,1707.85,1714.95,1713.7,1718.79,2164.15,1212.5,274480,471774136,11882
18-11-22,1722.3,1725.4,1642.3,1713.7,1672,1678.9,1674.64,2164.15,1212.5,237768,398175950.6,20552
21-11-22,1685.85,1689.5,1650,1678.9,1674.85,1674.95,1668.43,2104.15,1212.5,126740,211457049.6,9998
22-11-22,1674,1724,1666.5,1674.95,1702,1713.1,1710.85,2104.15,1212.5,248152,424551613.75,14872
23-11-22,1709,1746.4,1685.15,1713.1,1730,1734.75,1724.97,2104.15,1212.5,216567,373571731.6,10735
24-11-22,1733,1757.4,1723.55,1734.75,1737.5,1739.3,1738.71,2104.15,1212.5,220194,382853980.45,10232
25-11-22,1742,1759.95,1725,1739.3,1742,1742.15,1739.55,2104.15,1212.5,165367,287664891.75,10280
28-11-22,1742,1764.4,1734.05,1742.15,1752.15,1759.7,1751.74,2104.15,1212.5,114509,200589715.25,5426
29-11-22,1770.15,1782.55,1755,1759.7,1757.9,1766.25,1769.97,2104.15,1212.5,245696,434873472.6,13878
30-11-22,1763.9,1826,1762.1,1766.25,1824.95,1820.7,1796.82,2104.15,1212.5,581157,1044232081.75,26653
1-12-22,1828,1923.9,1824.05,1820.7,1902.85,1901.2,1887.49,2104.15,1212.5,1124051,2121639851.05,49031
2-12-22,1898,1942,1892,1901.2,1936.9,1936.7,1923.92,2104.15,1212.5,371680,715082245.95,18667
5-12-22,1939,1946.85,1875,1936.7,1878,1885.5,1896.28,2104.15,1212.5,509770,966666258.7,34186
6-12-22,1875.5,1894.4,1852,1885.5,1868,1866.2,1871.39,2104.15,1212.5,418159,782539791.1,20303
7-12-22,1852,1871.1,1818.35,1866.2,1848,1849.1,1845.71,2104.15,1212.5,404477,746547885.15,17380
8-12-22,1855.95,1875,1836.1,1849.1,1854,1853.15,1852.17,2104.15,1212.5,129553,239954421.85,8155
9-12-22,1862.45,1865.85,1820.6,1853.15,1837,1847.45,1847.48,2104.15,1212.5,189460,350023390.8,8898
12-12-22,1859.9,1922.9,1826.3,1847.45,1912,1906.3,1886.48,2104.15,1212.5,581921,1097784043.35,28847
13-12-22,1925,1925,1806,1906.3,1859.95,1856.05,1845.16,2104.15,1212.5,1275245,2353028766.1,52455
14-12-22,1874.95,1898,1843.4,1856.05,1888,1890.7,1875.73,2104.15,1212.5,469388,880446766.35,25549
15-12-22,1897,1921.95,1870.2,1890.7,1874.9,1885.35,1904.17,2104.15,1212.5,322309,613729999.75,17412
16-12-22,1870,1890,1845.5,1885.35,1851.95,1849.55,1862.12,2104.15,1212.5,206165,383904193.1,13948
19-12-22,1849.85,1890,1827.35,1849.55,1885,1881.7,1869.81,2104.15,1212.5,233085,435824813.2,19454
20-12-22,1890,1911.6,1833.2,1881.7,1852,1858.05,1865.92,2104.15,1212.5,505563,943338484.3,22564
21-12-22,1859.1,1888.2,1805.05,1858.05,1842,1852.3,1852.52,2104.15,1212.5,379735,703468110.85,18485
22-12-22,1855,1869.05,1828.15,1852.3,1853,1858.05,1848.93,2104.15,1212.5,156565,289477072.3,10238
23-12-22,1838,1853.15,1759.35,1858.05,1765.45,1770.5,1797.45,2104.15,1212.5,180476,324396712.95,11981
26-12-22,1761.85,1832.05,1753.7,1770.5,1810,1812.05,1808.76,2104.15,1212.5,126030,227958433.5,10859
27-12-22,1820,1870,1809.6,1812.05,1864.3,1863.1,1847.94,2104.15,1212.5,206566,381721102.9,12871
28-12-22,1855,1870,1843.85,1863.1,1854.95,1854.1,1856.18,2104.15,1212.5,79546,147651559.85,5925
29-12-22,1845.2,1869.95,1805.75,1854.1,1865,1855.45,1837.81,2104.15,1212.5,204707,376213240.1,15210
30-12-22,1865.2,1877.9,1849.4,1855.45,1858.7,1862.8,1863.63,2104.15,1212.5,188506,351304816.8,20254
2-1-23,1862.8,1899,1860,1862.8,1886,1887.7,1887.1,2104.15,1212.5,189914,358385928.95,13863
3-1-23,1900,1903,1865.1,1887.7,1872,1872.15,1879.63,2104.15,1212.5,114510,215235905.2,6072
4-1-23,1881.55,1886.95,1841.35,1872.15,1846,1848.1,1861.14,2104.15,1212.5,167153,311095514.85,12842
5-1-23,1848.1,1880,1835.95,1848.1,1874,1875.15,1864.06,2104.15,1212.5,228299,425563570.5,14663
6-1-23,1880,1917.55,1866,1875.15,1879.9,1875.45,1881.65,2104.15,1212.5,214277,403193512.05,16698
9-1-23,1877.35,1903,1860,1875.45,1883.95,1884.7,1883.92,2104.15,1212.5,245570,462635288.2,20427
10-1-23,1884.7,1888,1840.5,1884.7,1874.95,1873.5,1862.87,2104.15,1212.5,174932,325874931.75,9816
11-1-23,1877.1,1883.25,1860,1873.5,1862,1868.2,1868.06,2104.15,1212.5,81285,151845237.9,6912
12-1-23,1875,1915.2,1874,1868.2,1891.25,1897.5,1901.38,2104.15,1212.5,423645,805510978.45,35124
13-1-23,1900,1916.9,1874.4,1897.5,1893.05,1899,1895.94,2104.15,1212.5,231521,438949940.4,14612
16-1-23,1898.7,1918.35,1886.25,1899,1890,1891.45,1902.66,2104.15,1212.5,282093,536727600.8,17037
17-1-23,1890,1910.2,1870.2,1891.45,1903,1905.6,1893.19,2104.15,1212.5,106281,201209662.35,9399
18-1-23,1915,1915.95,1876.1,1905.6,1880,1884.4,1895.24,2104.15,1212.5,172471,326874423.25,11194
19-1-23,1872.05,1903,1854.65,1884.4,1876.95,1877.05,1884.6,2104.15,1212.5,190437,358897179.65,11344
20-1-23,1885,1886.55,1829.95,1877.05,1836,1839.1,1855.51,2104.15,1212.5,126074,233931315.75,9647
23-1-23,1848.3,1851.95,1760.2,1839.1,1763.95,1767.2,1800.38,2015,1212.5,337237,607155315.25,12513
24-1-23,1775.8,1785.7,1746.25,1767.2,1751.5,1759.7,1763.75,2015,1212.5,158930,280312206.95,9290
25-1-23,1751.25,1755.2,1703.95,1759.7,1725,1728.35,1729.65,2015,1212.5,231772,400885169.4,11266
27-1-23,1737,1737.4,1675,1728.35,1699,1693.7,1701.21,2015,1212.5,267790,455566690.45,15210
30-1-23,1672,1752,1672,1693.7,1720.1,1717.55,1713.44,2015,1212.5,188074,322253554.15,18160
31-1-23,1726.6,1787.45,1714.5,1717.55,1766,1767.75,1759.5,2015,1212.5,193506,340473280.55,22821
1-2-23,1771.05,1843.35,1737.2,1767.75,1764.9,1768.4,1793.6,2015,1212.5,413607,741844022.25,25766
2-2-23,1770,1818,1734.8,1768.4,1805,1802.65,1795.2,2015,1212.5,314229,564102832.5,25642
3-2-23,1791.8,1883.95,1791.8,1802.65,1868.15,1867.85,1845.82,2015,1212.5,408062,753209114.75,24025
6-2-23,1895,1929.85,1823,1867.85,1877,1885.4,1889.22,2015,1212.5,532091,1005237974.95,39748
7-2-23,1885,1910,1841.65,1885.4,1852,1853,1882.39,2015,1212.5,244455,460158624.5,14977
8-2-23,1877.6,1929,1875.8,1853,1910.95,1907.6,1909.11,2015,1212.5,500591,955684257.85,28651
9-2-23,1900,1932,1895.05,1907.6,1925,1926.25,1921.45,2015,1212.5,219470,421701058.8,15652
10-2-23,1924.95,1945,1909.7,1926.25,1944,1939.35,1936.1,2015,1212.5,251331,486600779.25,11753
13-2-23,1949.9,1963.95,1914.2,1939.35,1924.9,1929.1,1933.94,1963.95,1212.5,125585,242874023,9890
14-2-23,1931.85,1939,1892,1929.1,1896,1902.55,1909.97,1963.95,1212.5,138621,264762554.25,8974
15-2-23,1897,1927.7,1886,1902.55,1922,1920.35,1913.66,1963.95,1212.5,208282,398580565.15,13345
16-2-23,1927,1937.1,1920.3,1920.35,1933.95,1931.8,1928.98,1963.95,1212.5,108660,209602502.15,12077
17-2-23,1939,1989.8,1921.45,1931.8,1949.8,1945.1,1965.99,1989.8,1212.5,579883,1140044034.7,32667
20-2-23,1952.75,1960,1885.25,1945.1,1931,1935.6,1930.76,1989.8,1212.5,315376,608914680.25,19100
21-2-23,1937.25,1959,1898.5,1935.6,1903,1909,1930.53,1989.8,1212.5,321364,620404161.4,18848
22-2-23,1888.25,1919,1860.05,1909,1914,1912.95,1898.74,1989.8,1212.5,483208,917485316.55,23631
23-2-23,1915,1928.6,1864,1912.95,1899,1894.85,1893.8,1989.8,1212.5,384962,729042718.25,28594
24-2-23,1904.8,1922.75,1864.95,1894.85,1876,1881,1880.91,1989.8,1212.5,388171,730115002.25,16003
27-2-23,1881,1885.5,1815.8,1881,1846,1838,1839.47,1989.8,1212.5,351098,645834857.4,13758
28-2-23,1845,1854.75,1812,1838,1826,1833.9,1833.3,1989.8,1212.5,359886,659780773.55,21972
1-3-23,1843.1,1879.75,1829,1833.9,1871,1875.7,1848.26,1989.8,1212.5,328784,607679632.45,21972
2-3-23,1875.7,1890,1838.15,1875.7,1853.1,1845.75,1857.54,1989.8,1212.5,456249,847498724.4,16472
3-3-23,1864.35,1877.3,1846,1845.75,1860.05,1862.8,1856.13,1989.8,1212.5,309225,573960361.85,9029
6-3-23,1867,1867,1824.9,1862.8,1827.1,1828.2,1843.93,1989.8,1212.5,229249,422718369.5,19702
8-3-23,1812.05,1834.1,1790,1828.2,1825.9,1828.65,1808.61,1989.8,1212.5,448454,811079849.1,27554
9-3-23,1837.8,1843.65,1814.3,1828.65,1825,1824.15,1826.16,1989.8,1212.5,231531,422812351.4,16822
10-3-23,1824,1824,1793.25,1824.15,1804.95,1800,1803.8,1989.8,1212.5,267751,482968831.45,21680
13-3-23,1760,1810.9,1732.25,1800,1733.4,1739.75,1767.19,1989.8,1212.5,194243,343264113.7,22192
14-3-23,1740.05,1760.9,1706.65,1739.75,1755,1750.3,1738.06,1989.8,1212.5,252334,438572180.35,15366
15-3-23,1770,1792,1754.25,1750.3,1785,1785.5,1780.47,1989.8,1212.5,176182,313687635.55,11887
16-3-23,1794,1799,1770.05,1785.5,1788.95,1785.45,1786.73,1989.8,1212.5,229888,410748759.35,22262
17-3-23,1794.4,1828,1794.35,1785.45,1810.6,1808.25,1814.31,1989.8,1212.5,330853,600269564.95,33071
20-3-23,1808.3,1812.65,1771,1808.25,1800,1799.25,1786.86,1989.8,1212.5,260586,465630025.35,22197
21-3-23,1805.1,1828,1795.05,1799.25,1827,1822.7,1811.35,1989.8,1212.5,338835,613748649.75,14862
22-3-23,1836,1851.5,1821.45,1822.7,1840,1839.2,1836.47,1989.8,1212.5,190907,350595832.85,8483
23-3-23,1843.35,1856,1819,1839.2,1821.05,1823.15,1835,1989.8,1212.5,166620,305748265.5,18634
24-3-23,1821.05,1835.45,1802,1823.15,1825.15,1831.1,1819.86,1989.8,1212.5,166271,302589717.85,8110
27-3-23,1836.4,1874.95,1827.5,1831.1,1864.1,1869.3,1857.55,1989.8,1212.5,302618,562128917.05,17629
28-3-23,1880.1,1882.8,1827.6,1869.3,1852.9,1844.4,1847.83,1989.8,1212.5,244419,451643724.55,23367
29-3-23,1852,1936.45,1844.45,1844.4,1928,1928.75,1911.78,1989.8,1212.5,479011,915762218.05,26990
31-3-23,1935,1979,1930.25,1928.75,1969.55,1968.25,1967.77,1989.8,1212.5,387524,762557170.05,32581
3-4-23,1987.3,1990,1965,1968.25,1970.5,1972.7,1977.64,1990,1212.5,354277,700634071.45,16529
5-4-23,1971.7,1990,1957,1972.7,1979.6,1979.4,1977.31,1990,1212.5,236135,466912097.15,11904
6-4-23,1985,2009,1978,1979.4,2000,1999.35,1995.62,2009,1212.5,247539,493994657.8,15241
10-4-23,2009,2009.95,1976.55,1999.35,1985,1983.65,1987.45,2009.95,1212.5,178390,354540639.45,15032
11-4-23,1985,2020,1985,1983.65,2003,2001.2,2004.56,2020,1212.5,382379,766500961.4,18208
12-4-23,2014.65,2045,1990,2001.2,1995,1995.1,2017.64,2045,1212.5,380286,767281012.2,28599
13-4-23,1995,2018,1990,1995.1,2008.8,2000.75,2004.12,2045,1212.5,347455,696340913.45,18903
17-4-23,1995,2041.5,1986.05,2000.75,2036,2035.2,2018.8,2045,1212.5,258980,522828239.45,16493
18-4-23,2038.9,2060,2021,2035.2,2034,2034.95,2043.89,2060,1212.5,348057,711389628.55,31011
19-4-23,2045.7,2078,2041.1,2034.95,2055.85,2052.5,2062.48,2078,1212.5,447343,922638089.25,34541
20-4-23,2055.05,2060,1977.55,2052.5,1990,1988.95,2003.53,2078,1212.5,658835,1319995026.65,28443
21-4-23,1992.25,1994.9,1916.4,1988.95,1929.85,1922.05,1940.34,2078,1212.5,472353,916527400.9,24593
24-4-23,1930.55,1944.95,1910,1922.05,1934.55,1929.25,1927.51,2078,1212.5,356117,686417502.15,19606
25-4-23,1930,1935.7,1906.55,1929.25,1924.9,1920.9,1920.82,2078,1212.5,409044,785701491.15,30696
26-4-23,1910,1953.9,1901.5,1920.9,1940,1934.05,1925.76,2078,1212.5,679221,1308019375.7,31646
27-4-23,1942.25,1975.5,1933.55,1934.05,1973,1966.5,1945.1,2078,1212.5,610435,1187358264.1,23063
28-4-23,1975,2005,1964.25,1966.5,2000,1996.2,1985.42,2078,1212.5,341463,677946848.5,26310
2-5-23,1999,2009,1984.15,1996.2,2000,2000.25,1997.81,2078,1212.5,183863,367322897.7,23510
3-5-23,1999.9,2012.8,1992.55,2000.25,1997,2001.3,2001.72,2078,1212.5,287224,574941612.7,38082
4-5-23,2001.9,2028.6,1997,2001.3,2025,2024.2,2014,2078,1212.5,265649,535018124.6,25046
5-5-23,2024.9,2034.25,1990.05,2024.2,2010.05,2012.85,2009.07,2078,1212.5,198931,399667136.6,15572
8-5-23,2008,2090,2008,2012.85,2089.9,2085.95,2071.21,2090,1212.5,522459,1082121124.3,25540
9-5-23,2090.4,2128.8,2043,2085.95,2068,2075.8,2091.72,2128.8,1212.5,539876,1129267969.35,31868
10-5-23,2068,2097.45,2055,2075.8,2084.9,2086.25,2079.21,2128.8,1212.5,164738,342524363.15,14602
11-5-23,2087,2095,2078.05,2086.25,2085,2083.45,2087.33,2128.8,1212.5,215383,449574520.8,20594
12-5-23,2094.7,2101.9,2076.9,2083.45,2080.2,2081.6,2092.81,2128.8,1212.5,218544,457370786.35,15943
15-5-23,2075,2094.75,2063.55,2081.6,2070,2072.4,2082.43,2128.8,1212.5,207657,432431707.15,18517
16-5-23,2076,2095,2068,2072.4,2077.05,2079.05,2079.2,2128.8,1212.5,262296,545365100.3,12160
17-5-23,2080,2102.05,2066.75,2079.05,2088,2076.7,2085.88,2128.8,1212.5,193543,403706697.95,11367
18-5-23,2090.05,2113.45,2053,2076.7,2063.3,2062.6,2083.7,2128.8,1212.5,224608,468014846.55,19362
19-5-23,2062.6,2081.35,2030.35,2062.6,2055.05,2057.65,2054.05,2128.8,1212.5,124074,254854206.15,11015
22-5-23,2068.5,2080,2052.7,2057.65,2077.25,2077.7,2069.79,2128.8,1212.5,142115,294148035.2,12400
23-5-23,2075,2097,2063.4,2077.7,2073,2074.1,2080.97,2128.8,1212.5,133706,278238760.5,14185
24-5-23,2063,2070,2042.1,2074.1,2042.1,2049.2,2056.15,2128.8,1212.5,169120,347736106.65,8400
25-5-23,2049.2,2054.55,2017.55,2049.2,2048.9,2041.15,2038.67,2128.8,1212.5,153205,312334628.9,9194
26-5-23,2042.6,2073.75,2032,2041.15,2068,2068.7,2061.67,2128.8,1212.5,141477,291678810.65,14000
29-5-23,2092,2107.85,2066.6,2068.7,2100,2093.05,2091.16,2128.8,1212.5,205286,429285406,16585
30-5-23,2104.1,2160,2100.25,2093.05,2131.1,2128.05,2134.16,2160,1212.5,433037,924168724.6,28564
31-5-23,2140,2151,2107.15,2128.05,2135,2129.95,2130.68,2160,1212.5,249154,530867519.1,16447
1-6-23,2130,2168.65,2126,2129.95,2130,2134.5,2149.25,2168.65,1212.5,211118,453744366.15,24428
2-6-23,2135.5,2150,2124.05,2134.5,2134.5,2139.3,2136.12,2168.65,1212.5,66591,142246586,6657
5-6-23,2150,2158.3,2133.35,2139.3,2143.9,2139.65,2146.28,2168.65,1212.5,149803,321519033.85,12554
6-6-23,2141,2170,2133.05,2139.65,2165.3,2159.95,2157.83,2170,1212.5,304144,656289729.75,16344
7-6-23,2170,2174,2138.8,2159.95,2168,2167.25,2161.28,2174,1212.5,132041,285376940.8,12524
8-6-23,2175,2183,2108,2167.25,2130.7,2128.2,2139.7,2183,1212.5,195558,418435262.35,15112
9-6-23,2127.65,2155.4,2083.1,2128.2,2096.1,2095.75,2120.52,2183,1212.5,295966,627602914.35,16942
12-6-23,2096.15,2114.9,2077.1,2095.75,2112.8,2102.15,2097.36,2183,1212.5,373046,782411073.65,13829
13-6-23,2114.1,2168.9,2109,2102.15,2163.9,2157.3,2144.2,2183,1212.5,389129,834371084.95,25622
14-6-23,2177,2213,2152.6,2157.3,2195.5,2196.6,2183.41,2213,1212.5,395868,864343712.65,24088
15-6-23,2197,2266.2,2197,2196.6,2257,2254.55,2241.05,2266.2,1212.5,797524,1787292748.55,30153
16-6-23,2260,2288.8,2243.5,2254.55,2255.5,2254.85,2263.58,2288.8,1212.5,335027,758360974.25,23858
19-6-23,2254,2280.7,2225,2254.85,2245.1,2242.4,2253.52,2288.8,1212.5,154384,347907535.6,12169
20-6-23,2235,2250,2222.5,2242.4,2249.85,2240.5,2237.71,2288.8,1212.5,136626,305728910.25,7961
21-6-23,2250,2270,2240.5,2240.5,2262.7,2258.2,2254.55,2288.8,1212.5,211185,476126401.8,8883
22-6-23,2253,2267.75,2182.85,2258.2,2200,2200.4,2221.53,2288.8,1212.5,255136,566791055.9,23149
23-6-23,2193.85,2198.55,2162.95,2200.4,2168,2167.4,2177.6,2288.8,1212.5,104348,227228068,8861
26-6-23,2164.9,2199,2153,2167.4,2197,2197.15,2178.56,2288.8,1267.25,140490,306065279.25,9903
27-6-23,2200,2230,2162.9,2197.15,2168,2166.05,2196.36,2288.8,1267.25,237552,521749653.2,17952
28-6-23,2175.3,2239,2169,2166.05,2237.55,2219.55,2208.31,2288.8,1267.25,497432,1098483140.3,26757
30-6-23,2219.55,2229.95,2160,2219.55,2164,2166.2,2181.68,2288.8,1267.25,159710,348436596.75,11485
3-7-23,2183.8,2212,2171.3,2166.2,2202.95,2200.35,2195.41,2288.8,1292,158910,348872019.35,10018
4-7-23,2218,2218,2179,2200.35,2182,2185.45,2192.7,2288.8,1292,123893,271659687.6,18051
5-7-23,2186,2190.7,2157.8,2185.45,2184.9,2174.65,2171.66,2288.8,1292,144754,314356604.4,16364
6-7-23,2186.1,2199,2165,2174.65,2187.05,2192.6,2184.37,2288.8,1292,111717,244031542.7,8088
7-7-23,2190,2194.9,2140.95,2192.6,2145,2146.65,2157.69,2288.8,1292,172703,372640328.2,12586
10-7-23,2149,2153.35,2096.2,2146.65,2102,2101.2,2113.73,2288.8,1415,306079,646969493,15419
11-7-23,2101.2,2113.5,2053.75,2101.2,2068.9,2068,2070.67,2288.8,1415,268058,555060536.1,15415
12-7-23,2070.1,2094.9,2035.55,2068,2064.4,2064.2,2058.45,2288.8,1415,276144,568429631.3,23014
13-7-23,2070,2094,2049.15,2064.2,2059,2058,2065.95,2288.8,1415,290135,599404042.45,10789
14-7-23,2081.35,2081.35,2048.45,2058,2055,2056.15,2059.58,2288.8,1415,140749,289883532.6,8686
17-7-23,2051,2079,2044.7,2056.15,2053.85,2057.05,2058.47,2288.8,1457.15,150095,308965884.95,10917
18-7-23,2060.1,2064.35,2023.55,2057.05,2032.75,2037.55,2040.78,2288.8,1457.15,151922,310038921,12851
19-7-23,2049,2050,2028.1,2037.55,2036.05,2037.7,2039.86,2288.8,1457.15,99617,203204817.6,6474
20-7-23,2036,2044.6,2014.25,2037.7,2019.9,2020.95,2025.74,2288.8,1457.15,125038,253294860.75,8167
21-7-23,1979,2003.95,1915.35,2020.95,1920,1921.1,1950.35,2288.8,1457.15,435846,850053459.3,24566
24-7-23,1920,1920,1880.65,1921.1,1901,1900.25,1901.8,2288.8,1476.05,336491,639939982.4,20014
25-7-23,1919.35,1923.75,1890,1900.25,1911.55,1908.45,1905.32,2288.8,1476.05,255801,487382014.8,20261
26-7-23,1910,1960.15,1907.7,1908.45,1954,1955.75,1939.03,2288.8,1476.05,532476,1032488244.35,27989
27-7-23,1975,1975,1925,1955.75,1950,1941.55,1939.16,2288.8,1476.05,242498,470242935.25,13389
28-7-23,1951.8,1963.25,1936,1941.55,1958,1957.15,1953.84,2288.8,1476.05,156352,305486247.45,8969
31-7-23,1957.15,1961.35,1936.85,1957.15,1953,1953.8,1951.66,2288.8,1476.05,306459,598102436.85,16065
1-8-23,1935,1992.85,1935,1953.8,1984.75,1986.8,1970.56,2288.8,1476.05,362855,715028351.15,20842
2-8-23,1982,2008,1961.95,1986.8,1976,1983.7,1980.38,2288.8,1476.05,258617,512160248,16144
3-8-23,1971,1978.6,1937.8,1983.7,1971.2,1972.85,1957.2,2288.8,1476.05,201027,393449514.25,13140
4-8-23,1983.2,2001,1972.8,1972.85,1990,1990.15,1989.7,2288.8,1476.05,126180,251060963.1,11363
7-8-23,1990,2018,1971.75,1990.15,2007.1,2004.8,1997.54,2288.8,1476.05,127921,255527804.65,9724
8-8-23,2024,2040,1981.3,2004.8,2007,2015.7,2011.25,2288.8,1476.05,251500,505828487.15,15230
9-8-23,2010,2018.95,1992.75,2015.7,2016.45,2012.85,2008.46,2288.8,1476.05,93151,187090493.8,8285
10-8-23,2012,2025.55,1982,2012.85,1991.1,2002.5,1996.61,2288.8,1476.05,128805,257173739.95,6626
11-8-23,2000,2009,1969.1,2002.5,1978,1993.35,1990.79,2288.8,1476.05,111769,222508828.5,8991
14-8-23,1989.1,1989.1,1905.3,1993.35,1910,1911.35,1927.22,2288.8,1476.05,213660,411768765.3,24514
16-8-23,1888.1,1909.05,1877,1911.35,1897.1,1902.1,1894.04,2288.8,1476.05,370078,700944096.05,27607
17-8-23,1900,1907.9,1889.1,1902.1,1898.3,1904.1,1896.9,2288.8,1476.05,162430,308113478.3,9861
18-8-23,1909.9,1911.9,1873.3,1904.1,1898,1897.95,1896.18,2288.8,1476.05,79365,150490449.65,7969
21-8-23,1907.9,1930.25,1893.05,1897.95,1918,1919.75,1913.51,2288.8,1476.05,95696,183114908.65,8448
22-8-23,1933.9,1956,1914,1919.75,1954,1951.2,1941.38,2288.8,1476.05,257848,500580799.05,11904
23-8-23,1957.05,2018.8,1954,1951.2,1992,1990.2,1983.7,2288.8,1476.05,340061,674580141.6,16436
24-8-23,1992,2021.95,1979.45,1990.2,1998.8,1997.25,2002.13,2288.8,1476.05,160607,321556751.5,11594
25-8-23,2001,2014.95,1975,1997.25,2002.05,2003.75,1995.66,2288.8,1476.05,317017,632658481.1,10325
28-8-23,2000,2036.35,1997.15,2003.75,2035,2031.85,2027.05,2288.8,1476.05,179508,363871629.85,7445
29-8-23,2045,2059.55,2030.45,2031.85,2057.95,2055.15,2048.02,2288.8,1476.05,192646,394543307.85,11355
30-8-23,2069,2110,2050.55,2055.15,2085,2082.8,2094.42,2288.8,1476.05,355076,743679661.35,19231
31-8-23,2085,2118,2071.1,2082.8,2080,2085.05,2093.33,2288.8,1476.05,266066,556964699.35,15043
1-9-23,2069.85,2135,2069.85,2085.05,2126.6,2123.55,2104.45,2288.8,1476.05,299204,629661310.05,21250
4-9-23,2128.1,2273,2127.3,2123.55,2264,2261,2231.83,2288.8,1476.05,756357,1688060609.2,43524
5-9-23,2258.9,2280,2245.55,2261,2261,2266.5,2264.92,2288.8,1476.05,369931,837863825.6,18615
6-9-23,2255.85,2335,2252.1,2266.5,2301.1,2308,2299.62,2335,1476.05,677315,1557570346.1,30937
7-9-23,2308,2328.95,2275.25,2308,2292,2287.85,2293.49,2335,1476.05,377343,865432418.4,23306
8-9-23,2306,2327.4,2287.55,2287.85,2314.75,2322.1,2311.23,2335,1476.05,416878,963502198.25,27651
11-9-23,2339,2384.4,2324.5,2322.1,2361.8,2372.55,2364.87,2384.4,1476.05,464512,1098510188.95,31632
12-9-23,2401.05,2422,2326.55,2372.55,2337.8,2333.7,2381.71,2422,1476.05,721101,1717452448.25,52170
13-9-23,2329.95,2361.85,2293.25,2333.7,2355,2356.75,2324.47,2422,1476.05,371513,863571573.65,33807
14-9-23,2359.95,2410,2352.8,2356.75,2400.55,2403.7,2392.54,2422,1476.05,591556,1415323243.35,41485
15-9-23,2424,2424.75,2380,2403.7,2388,2387.6,2399.02,2424.75,1476.05,401541,963306678.95,20182
18-9-23,2399,2399,2354.35,2387.6,2366.95,2369.25,2370.38,2424.75,1476.05,219189,519561566.45,17304
20-9-23,2358,2360,2290.95,2369.25,2314.3,2314.65,2314.01,2424.75,1476.05,383701,887886673.4,30296
21-9-23,2324.9,2324.9,2262.3,2314.65,2264.6,2266,2283.54,2424.75,1476.05,192702,440041779.8,18195
22-9-23,2266,2280.35,2235.8,2266,2253.95,2245.6,2249.36,2424.75,1476.05,236560,532108394.2,18565
25-9-23,2245.6,2351.3,2245.05,2245.6,2336.95,2337.55,2320.13,2424.75,1476.05,422280,979745252.45,30205
26-9-23,2350,2375,2331.3,2337.55,2363,2367.7,2348.73,2424.75,1476.05,443841,1042464320.25,34556
27-9-23,2403,2403,2347.35,2367.7,2368,2370.35,2368.61,2424.75,1476.05,380255,900674191.2,24421
28-9-23,2369.6,2400,2317.95,2370.35,2346.9,2339.95,2362.14,2424.75,1476.05,275770,651408498.55,17628
29-9-23,2339.95,2417.95,2330.45,2339.95,2401.15,2404.35,2390.01,2424.75,1476.05,483032,1154449026.65,31994
3-10-23,2404.35,2409.55,2356.05,2404.35,2370,2372.05,2378.86,2424.75,1476.05,338580,805435274.4,21115
4-10-23,2353,2371.35,2277,2372.05,2300,2305.75,2308.76,2424.75,1476.05,377251,870981392.05,33272
5-10-23,2270.2,2311.05,2223,2305.75,2261,2258.15,2255.51,2424.75,1476.05,514301,1160013513.3,35254
6-10-23,2250,2269.75,2206.7,2258.15,2226,2223.8,2227.12,2424.75,1476.05,369046,821908904.9,32014
9-10-23,2207.05,2242.45,2198.65,2223.8,2217.9,2219.05,2217.27,2424.75,1476.05,238173,528093622.25,18838
10-10-23,2229.8,2270.65,2208,2219.05,2260,2260,2240.27,2424.75,1476.05,460952,1032656068.55,24981
11-10-23,2278.95,2344,2267.75,2260,2308,2301.1,2305.77,2424.75,1476.05,410776,947156943.15,37858
12-10-23,2301,2324.75,2290.35,2301.1,2303.95,2300.8,2303.66,2424.75,1476.05,200025,460789096.65,26717
13-10-23,2300,2324,2278.3,2300.8,2280,2292.55,2301.8,2424.75,1476.05,244249,562211881.85,17488
16-10-23,2322,2373.35,2282,2292.55,2314.2,2322.1,2324.61,2424.75,1476.05,1406372,3269271362.25,62958
17-10-23,2301,2314.1,2226.15,2322.1,2256,2255.9,2253.5,2424.75,1476.05,699124,1575474961.1,34801
18-10-23,2269.9,2271.7,2219.4,2255.9,2229.8,2230.75,2241.07,2424.75,1476.05,239604,536968913.35,21994
19-10-23,2235.9,2235.9,2188.05,2230.75,2203.75,2208,2204.67,2424.75,1476.05,284447,627110634.4,20180
20-10-23,2214.8,2214.9,2151.85,2208,2155,2158.05,2170.33,2424.75,1476.05,334304,725550983.35,20804
23-10-23,2169.4,2169.4,2045.1,2158.05,2073.6,2075.45,2102.67,2424.75,1511.1,841644,1769698938.95,27777
25-10-23,2074.95,2096.3,2040.4,2075.45,2051.35,2057.25,2068.25,2424.75,1511.1,289021,597766254.5,17424
26-10-23,2040.05,2050.6,1995.05,2057.25,2026.65,2015.6,2015.38,2424.75,1511.1,242006,487733643,24681
27-10-23,2026.2,2055.4,2023.65,2015.6,2043.5,2038.5,2040.67,2424.75,1511.1,159841,326182859.6,16737
30-10-23,2049.2,2070.05,2025,2038.5,2056.25,2043.95,2047.08,2424.75,1535.5,232897,476759792.5,17461
31-10-23,2054.9,2109.8,2050.05,2043.95,2104.65,2104.25,2088.68,2424.75,1535.5,481220,1005115348.95,21955
1-11-23,2119.4,2119.4,2065.05,2104.25,2072.1,2072.5,2086.82,2424.75,1535.5,183930,383828579.8,10582
2-11-23,2079.95,2103.95,2070.45,2072.5,2081.25,2077.3,2080.41,2424.75,1535.5,199015,414032747.35,17062
3-11-23,2092,2100,2066.8,2077.3,2073,2073.65,2081.32,2424.75,1535.5,107498,223737561.45,12307
6-11-23,2073.7,2113.45,2073.7,2073.65,2104.9,2099.9,2099.9,2424.75,1642.3,202015,424212154.9,20978
7-11-23,2117.5,2119.95,2072.05,2099.9,2097.95,2089.7,2084.79,2424.75,1642.3,173203,361092668.1,16998
8-11-23,2081,2150,2081,2089.7,2117.6,2123.8,2123.27,2424.75,1642.3,337527,716661775,27016
9-11-23,2128.95,2136.9,2090,2123.8,2090.3,2094.45,2106.18,2424.75,1642.3,90423,190446678.2,10366
10-11-23,2081.25,2105,2066.1,2094.45,2097,2089.5,2090.63,2424.75,1642.3,153274,320438530.3,10263
12-11-23,2124,2124,2095.2,2089.5,2106,2104.6,2108.32,2424.75,1642.3,37811,79717688,3079
13-11-23,2100,2119.75,2091,2104.6,2110,2110.5,2109.53,2424.75,1642.3,64937,136986619,7215
15-11-23,2190.5,2190.5,2117,2110.5,2122,2122.2,2138.58,2424.75,1642.3,466308,997237075.45,32466
16-11-23,2139,2166.75,2109.6,2122.2,2159,2161.1,2144.96,2424.75,1642.3,209388,449128053.8,15015
17-11-23,2165,2218,2152.1,2161.1,2205.65,2207.65,2203.97,2424.75,1642.3,415479,915701746.85,34723
20-11-23,2209.95,2219.95,2184.5,2207.65,2196.6,2203.4,2206.37,2424.75,1650,371620,819931770.55,21320
21-11-23,2205,2228.6,2191.85,2203.4,2208.8,2212.4,2212.9,2424.75,1650,275073,608710398.7,16085
22-11-23,2212.4,2216,2141.8,2212.4,2157,2155.25,2169.58,2424.75,1650,217410,471688540.9,18998
23-11-23,2170,2204.95,2157.65,2155.25,2189.2,2185,2184.39,2424.75,1650,275629,602082583.15,18835
24-11-23,2190,2260.45,2164.05,2185,2224,2231.1,2227.19,2424.75,1650,464733,1035046807.45,32163
28-11-23,2230,2252.2,2201.6,2231.1,2218.2,2206.2,2220.77,2424.75,1672,262585,583140564.5,30346
29-11-23,2216,2242.85,2178.75,2206.2,2192.2,2202.6,2199.3,2424.75,1672,303993,668572897.75,30934
30-11-23,2195,2251.65,2192.2,2202.6,2242.5,2217.55,2217.29,2424.75,1672,2753466,6105241216.4,53802
1-12-23,2245.35,2275,2219.55,2217.55,2265,2265.15,2257.48,2424.75,1672,354401,800052496.85,27522
4-12-23,2268.1,2328.9,2268.1,2265.15,2305,2307.55,2303.59,2424.75,1672,608378,1401452587.15,47166
5-12-23,2300.7,2361,2293.45,2307.55,2360,2349.35,2335.2,2424.75,1672,593144,1385111009.55,41668
6-12-23,2374,2374,2305.25,2349.35,2360.2,2361,2346.62,2424.75,1672,488652,1146682338.7,32624
7-12-23,2379.95,2379.95,2342.55,2361,2360,2358.65,2359.44,2424.75,1672,318560,751621715.45,20473
8-12-23,2358.1,2375,2293.65,2358.65,2340,2331.2,2327.08,2424.75,1672,329996,767927971.8,22398
11-12-23,2335.1,2355.25,2303.6,2331.2,2350,2345.95,2332.21,2424.75,1672,247712,577715257.75,17011
12-12-23,2374,2390,2345.3,2345.95,2383.8,2383.4,2371.4,2424.75,1672,518878,1230467721.6,34417
13-12-23,2375.05,2390,2349.35,2383.4,2373.6,2376.4,2370.46,2424.75,1672,321308,761647539.4,26588
14-12-23,2376.4,2430.7,2363,2376.4,2413,2406.65,2399.44,2430.7,1672,474283,1138012695.35,25717
15-12-23,2417,2417,2351,2406.65,2366,2362,2373.39,2430.7,1672,280164,664937155.2,26184
18-12-23,2365.9,2380,2324.35,2362,2328.1,2339.15,2359.74,2430.7,1672,182957,431730065.7,12124
19-12-23,2339.9,2362,2304.5,2339.15,2309,2313.25,2320.92,2430.7,1672,184582,428399895.8,13108
20-12-23,2320,2337.3,2171.35,2313.25,2198.6,2184.25,2247.66,2430.7,1672,479524,1077807723.65,34049
21-12-23,2188.2,2244.55,2137.2,2184.25,2244.55,2239.8,2191.25,2430.7,1672,348713,764116213.25,31075
22-12-23,2236.05,2245.8,2188,2239.8,2188,2194.2,2209.71,2430.7,1672,248245,548548367.3,22111
26-12-23,2220.2,2263.8,2201.55,2194.2,2244,2239.05,2234.4,2430.7,1672,259059,578841690.3,14820
27-12-23,2252.5,2362,2241.55,2239.05,2316.1,2320.05,2319.77,2430.7,1672,1081795,2509518412.1,63630
28-12-23,2316.1,2348.65,2281.95,2320.05,2305,2290.1,2307.91,2430.7,1672,583808,1347375456.2,40169
29-12-23,2290.95,2307.6,2262.55,2290.1,2280,2275.2,2281.8,2430.7,1672,140140,319771628.95,12924
1-1-24,2307.5,2382,2301,2275.2,2354.6,2361.25,2356.79,2430.7,1672,802488,1891292990.25,58575
2-1-24,2370,2378.2,2289.05,2361.25,2325,2320.55,2323,2430.7,1672,297631,691395733.15,26186
3-1-24,2334.9,2334.9,2301.05,2320.55,2305,2307.65,2316.02,2430.7,1672,135305,313369667.3,13662
4-1-24,2320,2365,2304.2,2307.65,2365,2361,2343.52,2430.7,1672,268910,630195420.1,23188
5-1-24,2365,2428.6,2341.05,2361,2387,2390.7,2394.13,2430.7,1672,665883,1594210806.9,40648
8-1-24,2393.1,2405,2298.2,2390.7,2343.4,2330.35,2339.78,2430.7,1672,371369,868922172.25,36061
9-1-24,2338.4,2368,2298.65,2330.35,2318,2306.75,2337.49,2430.7,1672,385639,901426389.15,30298
10-1-24,2322.95,2322.95,2264.75,2306.75,2288,2288.6,2287.21,2430.7,1672,226393,517809341.4,24703
11-1-24,2300,2314.15,2260.05,2288.6,2302.9,2307.3,2292.98,2430.7,1672,313637,719164454.75,27115
12-1-24,2320,2327.25,2282.45,2307.3,2296,2303.5,2300.44,2430.7,1672,255101,586844513.5,19466
15-1-24,2308,2336.95,2282.5,2303.5,2291,2293.25,2301.65,2430.7,1672,221713,510305625.2,18384
16-1-24,2297.65,2303.15,2233.4,2293.25,2262.25,2258.35,2261.2,2430.7,1672,451024,1019856042.6,34476
17-1-24,2258.35,2275.7,2181,2258.35,2200,2191.7,2227.24,2430.7,1672,354131,788735538.4,32920
18-1-24,2190,2200.45,2135.5,2191.7,2180,2181.45,2169.72,2430.7,1672,298160,646924657.8,27387
19-1-24,2198,2220,2165.45,2181.45,2219.85,2214.4,2190.89,2430.7,1672,555621,1217306290.55,39974
20-1-24,2240,2241.5,2200,2214.4,2204.95,2207.7,2217.97,2430.7,1672,56612,125563482.65,5412
23-1-24,2210,2219.95,2101.7,2207.7,2119.4,2108.9,2136.52,2430.7,1672,288555,616504450.35,33835
24-1-24,2119.9,2174,2071.05,2108.9,2168.55,2154.75,2120.52,2430.7,1672,710787,1507235659.05,27390
25-1-24,2185,2218.95,2141.85,2154.75,2202.45,2205.05,2190.67,2430.7,1672,694448,1521303779.45,52809
29-1-24,2228,2278.35,2221,2205.05,2255.05,2256.45,2258.08,2430.7,1672,458573,1035494451.35,37722
30-1-24,2241.4,2285.95,2237.65,2256.45,2261,2260.05,2262.97,2430.7,1672,290576,657565812.45,25813
31-1-24,2260.05,2294.95,2256.65,2260.05,2267.45,2279.8,2280.16,2430.7,1672,298496,680617774,26670
1-2-24,2300,2300,2266.5,2279.8,2280,2280.4,2280.23,2430.7,1672,453265,1033550560.85,23657
2-2-24,2300,2300,2255,2280.4,2256,2259.1,2274.81,2430.7,1672,247026,561937200.15,17209
5-2-24,2259.1,2270.2,2178,2259.1,2190,2193.55,2219.41,2430.7,1706.65,382206,848273033.7,21140
6-2-24,2214.85,2226,2180.8,2193.55,2187.9,2189.75,2205.26,2430.7,1706.65,740253,1632446683.7,21383
7-2-24,2225.5,2225.5,2160.8,2189.75,2175.6,2170.8,2183.83,2430.7,1706.65,147590,322311840.5,15787
8-2-24,2180,2187.55,2087.55,2170.8,2114.05,2100.35,2127.86,2430.7,1706.65,777828,1655109800.85,28106
9-2-24,2114.05,2136.7,2068.2,2100.35,2125.45,2127.2,2110.32,2430.7,1706.65,311415,657184521.15,26370
12-2-24,2149,2149,2033.5,2127.2,2048,2052.15,2079.22,2430.7,1706.65,379042,788111137.55,34505
13-2-24,2077.9,2077.95,2005,2052.15,2060.05,2062.9,2045.08,2430.7,1706.65,328542,671895213.8,35776
14-2-24,2032.2,2063.5,2027.05,2062.9,2054,2051.35,2046.29,2430.7,1706.65,232957,476696662.45,22724
15-2-24,2055,2067.95,2035.2,2051.35,2043.65,2046.35,2046.87,2430.7,1706.65,271961,556669670.55,31703
16-2-24,2051.5,2116.65,2051.4,2046.35,2089,2084.6,2088.16,2430.7,1706.65,435123,908606754.15,37789
19-2-24,2084.6,2127.95,2084.6,2084.6,2103,2101.7,2109.18,2430.7,1706.65,292776,617518229.3,19196
20-2-24,2101.7,2108.3,2072,2101.7,2079,2085.55,2092.06,2430.7,1706.65,334011,698771231.65,17762
21-2-24,2080,2126.9,2075.6,2085.55,2085,2086.95,2107.82,2430.7,1706.65,430199,906781354.9,24135
22-2-24,2087.9,2110.85,2062.05,2086.95,2097,2107.15,2091.37,2430.7,1706.65,620952,1298639763.35,27933
23-2-24,2120,2120.85,2080.25,2107.15,2090,2089.7,2099.83,2430.7,1706.65,432856,908924948.2,24341
26-2-24,2094.45,2122.5,2081.2,2089.7,2107.6,2113.65,2108.24,2430.7,1706.65,338763,714192089.85,31230
27-2-24,2102,2114.15,2065.6,2113.65,2070,2072.65,2088.13,2430.7,1706.65,362622,757202407.5,32355
28-2-24,2070,2085.15,2002.65,2072.65,2010,2016.95,2046.65,2430.7,1706.65,249809,511271336.9,26609
29-2-24,2002.25,2038.45,1986.3,2016.95,2015.85,2024.9,2013.23,2430.7,1706.65,280293,564293199.3,24945
1-3-24,2025,2061.05,2025,2024.9,2056,2055.45,2050.3,2430.7,1706.65,219759,450571294.4,12110
2-3-24,2060,2073,2018.05,2055.45,2067,2065.3,2061.53,2430.7,1706.65,7192,14826495.45,863
4-3-24,2085,2103.15,2021.75,2065.3,2027,2027.05,2055.3,2430.7,1706.65,241075,495481669,22560
5-3-24,2040,2049.95,1985,2027.05,1998.45,1995.95,2003.63,2430.7,1706.65,198945,398612196.25,16577
6-3-24,1996,1998.45,1916.15,1995.95,1950,1945.95,1942.54,2430.7,1706.65,399091,775249138.65,38412
7-3-24,1931.1,1973.95,1931.1,1945.95,1960,1961.2,1961.6,2430.7,1706.65,242073,474849869.85,15948
11-3-24,1961.2,1977.95,1935,1961.2,1943.95,1939.25,1953.77,2430.7,1706.65,318811,622884009.05,26635
12-3-24,1945,1950,1891.1,1939.25,1906.05,1909.15,1907.33,2430.7,1706.65,588682,1122811567.35,35784
13-3-24,1909.15,1919.5,1803.15,1909.15,1825,1825.5,1839.15,2430.7,1706.65,450072,827749656.9,47883
14-3-24,1827,1877.95,1821.6,1825.5,1868.8,1867.05,1862.92,2430.7,1706.65,242860,452429354.75,20760
15-3-24,1870,1893.9,1854.7,1867.05,1877,1880.4,1876.32,2430.7,1706.65,399126,748888900.4,24912
18-3-24,1881.05,1898.4,1851.25,1880.4,1889.5,1884.95,1878.77,2430.7,1771,320363,601886900.75,20306
19-3-24,1894.85,1894.85,1865.8,1884.95,1876.15,1884.4,1878.27,2430.7,1771,279862,525657025.15,20146
20-3-24,1888.95,1908.5,1849.65,1884.4,1893.15,1895.05,1869.18,2430.7,1771,604621,1130146835.9,30065
21-3-24,1900.1,1924.5,1898.45,1895.05,1922,1922.15,1915.4,2430.7,1771,154710,296330854.95,13466
22-3-24,1920,1970.8,1907.6,1922.15,1965,1959.25,1940.32,2430.7,1771,219824,426529903.2,23925
26-3-24,1928.7,1970,1928.7,1959.25,1958.45,1961.2,1951.92,2430.7,1803.15,232888,454578022.05,33236
27-3-24,1961,2003.45,1950.1,1961.2,1957,1957.85,1974.63,2430.7,1803.15,988773,1952457239.4,31689
28-3-24,1956,1977,1935.1,1957.85,1946,1942.15,1962.79,2430.7,1803.15,650389,1276575129.15,31178
1-4-24,1942.05,2009,1942.05,1942.15,1991.5,1992.3,1987.15,2430.7,1803.15,629540,1250991954.15,35431
2-4-24,2001.05,2041.5,1965.8,1992.3,2034,2028.35,2015.71,2430.7,1803.15,798274,1609091129.85,46018
3-4-24,2028.05,2048.7,2002.75,2028.35,2038.95,2042.45,2032.99,2430.7,1803.15,744823,1514219061.2,45264
4-4-24,2058,2058.9,2021.1,2042.45,2028,2026.45,2042.64,2430.7,1803.15,529000,1080557297.05,26645
5-4-24,2007.1,2017,1981.5,2026.45,1987,1989.1,1993.92,2430.7,1803.15,568609,1133758795.55,34595
8-4-24,2012,2015,1980,1989.1,2010,2010.9,2000.56,2430.7,1803.15,571966,1144250682.8,29242
9-4-24,2010.9,2044.55,1983.85,2010.9,1991.8,1990.8,2011.4,2430.7,1803.15,228630,459865380.8,16648
10-4-24,2011,2011,1970,1990.8,1974,1978.1,1988.05,2430.7,1803.15,241616,480345569.05,17012
12-4-24,1979,1980,1939.05,1978.1,1954.8,1952.05,1959.71,2430.7,1803.15,482032,944645063.35,23136
15-4-24,1925.05,1968.8,1908.45,1952.05,1934.95,1934.1,1940.1,2430.7,1803.15,324805,630153625.85,23616
16-4-24,1934.65,1978.9,1909,1934.1,1978.9,1970.1,1949.11,2430.7,1803.15,294678,574359681.15,17699
18-4-24,1984,1986.2,1940,1970.1,1945.1,1949,1959.36,2430.7,1803.15,474474,929666465.25,29716
19-4-24,1949,1962,1911.4,1949,1944,1943.45,1943.2,2430.7,1803.15,225621,438427567.5,18617
22-4-24,1964.5,1968.75,1943.45,1943.45,1960.05,1960.5,1959.09,2430.7,1803.15,162081,317531384.35,14999
23-4-24,1969.95,1976.35,1932.5,1960.5,1942.8,1951.45,1949.9,2430.7,1803.15,503657,982082077.05,24453
24-4-24,1956,1988.35,1923.3,1951.45,1964,1962.8,1965.83,2430.7,1803.15,621773,1222300828.3,29501
25-4-24,1926,1948.2,1767.05,1962.8,1815.8,1806.45,1831.11,2430.7,1767.05,2955407,5411677260.9,128184
26-4-24,1824.5,1834.95,1797,1806.45,1799.95,1799.75,1811.91,2430.7,1767.05,778331,1410268909.65,43954
29-4-24,1810,1836.35,1790.25,1799.75,1832.8,1832.7,1817.87,2430.7,1767.05,332380,604224008.35,22234
30-4-24,1840,1850.05,1825.05,1832.7,1837.7,1838.15,1839.24,2430.7,1767.05,333820,613975357.3,19521
2-5-24,1841.15,1844.9,1790,1838.15,1792.9,1791.15,1804.25,2430.7,1767.05,744412,1343105761.85,34002
3-5-24,1811.5,1811.5,1781.55,1791.15,1798,1796.1,1795.73,2430.7,1767.05,276434,496401565.7,18836
6-5-24,1811,1816.1,1777.1,1796.1,1802,1794.45,1794.66,2430.7,1767.05,190341,341597285.55,15893
7-5-24,1790,1799.9,1756.8,1794.45,1765,1766.2,1770.84,2430.7,1756.8,195348,345929374.5,18713
8-5-24,1765,1780.6,1737.25,1766.2,1779,1772.95,1756.14,2430.7,1737.25,356018,625219155.45,24262
9-5-24,1774,1785.75,1715.55,1772.95,1742.2,1728.25,1756.87,2430.7,1715.55,553335,972136407.2,30207
10-5-24,1737.15,1750.75,1705,1728.25,1725,1714.85,1723.14,2430.7,1705,320362,552029368.6,25676
13-5-24,1720,1747.2,1698.9,1714.85,1743.1,1742.7,1724.16,2430.7,1698.9,166202,286559006.35,12286
14-5-24,1743.15,1761.95,1730.4,1742.7,1758,1757.75,1749.64,2430.7,1698.9,107674,188390492.9,11110
15-5-24,1757.75,1765,1733.15,1757.75,1763,1760.95,1752.48,2430.7,1698.9,320148,561054158.55,16458
16-5-24,1780,1797.1,1761.5,1760.95,1793.45,1789.45,1776.06,2430.7,1698.9,313111,556104897.85,20744
17-5-24,1794,1820,1785,1789.45,1817,1814.5,1807.38,2430.7,1698.9,224488,405734368.35,13889
18-5-24,1817.4,1823.2,1808.05,1814.5,1814,1818.95,1817.81,2430.7,1698.9,20499,37263240,2051
21-5-24,1828,1860.15,1820,1818.95,1847,1847.8,1840.85,2430.7,1698.9,956654,1761057195.25,38066
22-5-24,1847.8,1856.3,1825.65,1847.8,1846,1846.85,1842.93,2430.7,1698.9,131012,241445694.25,11483
23-5-24,1846,1846,1801.5,1846.85,1812.9,1812.3,1820.57,2430.7,1698.9,221538,403325358.4,15350
24-5-24,1820,1822.45,1788,1812.3,1792.15,1792.45,1802.97,2430.7,1698.9,392117,706974688.9,24193
27-5-24,1799,1811.95,1789.6,1792.45,1800,1807.65,1801.56,2430.7,1698.9,305522,550417195.1,12433
28-5-24,1803,1811.9,1786.35,1807.65,1793.45,1801.55,1799.18,2430.7,1698.9,379419,682643686.6,26199
29-5-24,1800,1810.95,1772.05,1801.55,1774.1,1775.45,1783.73,2430.7,1698.9,342099,610212154.7,34718
30-5-24,1775.45,1779.9,1743.05,1775.45,1775,1767.35,1760.96,2430.7,1698.9,361190,636039648.4,23005
31-5-24,1766.05,1784.95,1750,1767.35,1771.1,1775.7,1770.58,2430.7,1698.9,268826,475978180.35,14779
3-6-24,1824.95,1882,1800,1775.7,1859,1858,1849.2,2430.7,1698.9,847022,1566316065.9,38329
4-6-24,1845,1845,1651.4,1858,1705,1695.25,1716.87,2430.7,1651.4,1010572,1735017822.25,63291
5-6-24,1714.85,1745.25,1693.15,1695.25,1733,1735.15,1727.63,2430.7,1651.4,545659,942699342.65,46917
6-6-24,1747,1779.8,1741.6,1735.15,1779.8,1766.1,1761.19,2430.7,1651.4,468019,824271955.8,39892
7-6-24,1766.1,1829.35,1757.3,1766.1,1807,1809.95,1802.12,2430.7,1651.4,577092,1039987797.15,27413
10-6-24,1825,1878.95,1809.95,1809.95,1875,1875.5,1855.78,2430.7,1651.4,646242,1199282187.3,44434
11-6-24,1890.05,1900.8,1871,1875.5,1890,1887.95,1888.67,2430.7,1651.4,448525,847114042.75,37011
12-6-24,1895,1912.55,1870,1887.95,1899.5,1900.1,1891.43,2430.7,1651.4,792509,1498976686.2,39049
13-6-24,1910,1910,1878.55,1900.1,1902.9,1901.8,1892.46,2430.7,1651.4,345055,653001434.15,25640
14-6-24,1888.95,1900,1857.7,1901.8,1886.9,1882.35,1877.36,2430.7,1651.4,324946,610039591.55,24414
18-6-24,1895,1899,1873,1882.35,1885.5,1889,1885.77,2430.7,1651.4,305111,575367864.8,18476
19-6-24,1888.5,1889.4,1850,1889,1854.5,1854.5,1867.18,2430.7,1651.4,398010,743157232.3,31940
20-6-24,1860,1864.4,1832.3,1854.5,1862,1862.4,1847.73,2430.7,1651.4,471853,871858696.7,25181
21-6-24,1869.6,1869.6,1803.05,1862.4,1816.95,1823.2,1824.49,2430.7,1651.4,787729,1437205341.8,42251
24-6-24,1817.25,1824.75,1778.05,1823.2,1824.3,1818.6,1811.39,2430.7,1651.4,604247,1094528594.65,40442
25-6-24,1833.85,1834,1808.4,1818.6,1819.5,1816.6,1817.97,2430.7,1651.4,536713,975730629.65,32877
26-6-24,1794.15,1852.75,1772.6,1816.6,1819.95,1819.8,1826.29,2430.7,1651.4,1165847,2129173122.05,49139
27-6-24,1835,1835,1786.8,1819.8,1796,1792.2,1806.22,2430.7,1651.4,1109759,2004464284.7,54310
28-6-24,1799.95,1820.6,1792.85,1792.2,1813.95,1813.45,1803.22,2430.7,1651.4,759398,1369362273.5,33973
1-7-24,1820,1858.9,1809.9,1813.45,1854.75,1849.95,1842.5,2430.7,1651.4,393465,724959689.25,23668
2-7-24,1865,1868,1820,1849.95,1838.8,1839.45,1840.7,2430.7,1651.4,701731,1291674375.2,27715
3-7-24,1845,1863,1830,1839.45,1859,1855.95,1848.58,2430.7,1651.4,381404,705056323.9,16235
4-7-24,1860,1870.25,1834.1,1855.95,1844,1842.35,1852.82,2430.7,1651.4,452681,838737047.6,24904
5-7-24,1842.95,1867.4,1833.2,1842.35,1859.6,1858.15,1854.49,2430.7,1651.4,301520,559165291.85,31509
8-7-24,1855,1865.4,1843.6,1858.15,1858,1855.85,1854.93,2430.7,1651.4,169273,313990164.05,11925
9-7-24,1855,1881,1848.25,1855.85,1859.95,1867.6,1866.53,2430.7,1651.4,289584,540517661.15,17269
10-7-24,1865,1874.7,1807.65,1867.6,1866,1865.3,1847.51,2430.7,1651.4,477669,882500211.25,35584
11-7-24,1865,1882.65,1848.7,1865.3,1867.95,1865.6,1866.83,2430.7,1651.4,345793,645536790.2,17366
12-7-24,1879.8,1947.3,1863,1865.6,1929.05,1933.6,1910.04,2430.7,1651.4,935891,1787589016,52440
15-7-24,1945.05,1960,1913.55,1933.6,1928,1929.2,1935.46,2430.7,1651.4,656450,1270535237.05,31771
16-7-24,1940,1947.95,1891,1929.2,1918.5,1915.9,1917.32,2430.7,1651.4,475080,910879898.05,31577
18-7-24,1915.9,1925.8,1888,1915.9,1918,1916.85,1913.24,2430.7,1651.4,321681,615452107.35,22435
19-7-24,1944,1944,1803.05,1916.85,1813.9,1818.7,1844.45,2430.7,1651.4,1973247,3639545895.3,94390
22-7-24,1802,1818.5,1767.1,1818.7,1773,1771.15,1788.69,2430.7,1651.4,869025,1554413316.9,54291
23-7-24,1779.8,1808.45,1751.1,1771.15,1780,1778.45,1783.85,2430.7,1651.4,1171376,2089560743.05,61451
24-7-24,1781.5,1803,1769,1778.45,1770,1771.45,1783.22,2430.7,1651.4,460270,820763175.95,15266
25-7-24,1765.05,1780,1753.45,1771.45,1778.6,1771.55,1763.68,2430.7,1651.4,522118,920850069.05,18628
26-7-24,1785,1842,1771,1771.55,1817,1812.2,1817.83,2430.7,1651.4,585129,1063664021.6,28065
29-7-24,1822,1842,1816.65,1812.2,1837,1834.3,1832.73,2430.7,1651.4,507267,929681774.95,20274
30-7-24,1834.3,1855.75,1826.5,1834.3,1852,1851.8,1842.7,2430.7,1651.4,335793,618765416.25,15734
31-7-24,1868.45,1869,1841.45,1851.8,1855,1850.55,1851.64,2430.7,1651.4,369988,685084603.85,15384
1-8-24,1845.1,1866,1803.45,1850.55,1817,1813.25,1830.62,2430.7,1651.4,378106,692170035.1,17300
2-8-24,1800.1,1822,1785.35,1813.25,1798.95,1798.7,1805.46,2430.7,1651.4,133225,240531958.35,10129
5-8-24,1782.75,1788.35,1744.05,1798.7,1757,1756.55,1765.81,2430.7,1651.4,283332,500309738.55,17499
6-8-24,1757,1794.2,1722.2,1756.55,1737,1730.75,1767.97,2430.7,1651.4,288669,510359268.45,16484
7-8-24,1736.95,1766.3,1724.25,1730.75,1765,1757.75,1742.98,2430.7,1651.4,963145,1678738314.6,23027
8-8-24,1757.8,1777.55,1735,1757.75,1770.05,1770.05,1768.91,2430.7,1651.4,890191,1574670615.35,22217
9-8-24,1770,1789.9,1736.5,1770.05,1747,1740.6,1750.39,2430.7,1651.4,245783,430215833.45,11682
12-8-24,1753.1,1754,1726.15,1740.6,1743.8,1745,1739.84,2430.7,1651.4,504771,878220115.25,16266
13-8-24,1735,1746.95,1719.2,1745,1735.2,1735.25,1734.5,2430.7,1651.4,326808,566846911.85,18652
14-8-24,1735.25,1737.65,1705.45,1735.25,1725,1726.45,1722.37,2430.7,1651.4,274182,472244101.15,12816
16-8-24,1730,1754.75,1726.45,1726.45,1750.05,1750.8,1739.48,2430.7,1651.4,320407,557340361.75,11231
19-8-24,1757.95,1786.35,1755.85,1750.8,1772,1768.95,1772.19,2430.7,1651.4,525217,930786687.55,15848
20-8-24,1771.8,1782.55,1751.7,1768.95,1764.8,1767.7,1767.35,2430.7,1651.4,706544,1248712768.85,17782
21-8-24,1757.5,1773,1752.4,1767.7,1758.6,1755.45,1762.26,2430.7,1651.4,339297,597928034.05,12813
22-8-24,1756.75,1803.45,1756.75,1755.45,1797.55,1799.4,1781.7,2430.7,1651.4,841113,1498607435.6,38157
23-8-24,1804,1809,1778.25,1799.4,1800.05,1804.05,1794.54,2430.7,1651.4,311171,558409877.2,22327
26-8-24,1820,1820,1791.55,1804.05,1810.5,1814.9,1810.05,2430.7,1651.4,248874,450473945.2,19472
27-8-24,1815,1832,1810,1814.9,1818,1821.8,1824.33,2430.7,1651.4,212638,387921239.85,10948
28-8-24,1813.4,1837.85,1810.4,1821.8,1826.8,1824.3,1825.16,2430.7,1651.4,487809,890328797.5,17346
29-8-24,1824.6,1856.9,1820,1824.3,1856,1845.65,1843.24,2430.7,1651.4,1490060,2746537991.35,29247
30-8-24,1860,1894.8,1855.15,1845.65,1886,1891.05,1884.19,2430.7,1651.4,391676,737993675.65,25893
2-9-24,1900,1940,1900,1891.05,1918.3,1920,1920.54,2430.7,1651.4,691613,1328270605.15,38475
3-9-24,1924.75,1930,1904,1920,1919.45,1915.5,1914.23,2430.7,1651.4,220625,422328002.55,18681
4-9-24,1907.4,1935,1895.5,1915.5,1930,1926.6,1918.8,2430.7,1651.4,330319,633816202.15,14330
5-9-24,1927,1945.85,1896.05,1926.6,1915,1913.75,1919.78,2430.7,1651.4,208254,399801877.2,16236
6-9-24,1919.95,1922.75,1865,1913.75,1875,1876.25,1881.7,2430.7,1651.4,231518,435648486.85,15407
9-9-24,1860,1884.95,1833.1,1876.25,1878.6,1875.65,1855.47,2430.7,1651.4,200041,371170626.1,12092
10-9-24,1887.35,1912.45,1879.75,1875.65,1885.6,1887.4,1896.42,2430.7,1651.4,227024,430532069.9,14928
11-9-24,1887.4,1905,1875.05,1887.4,1902.1,1898.85,1895.05,2430.7,1651.4,279809,530252529.35,15119
12-9-24,1905,1905,1875.05,1898.85,1885,1887.35,1887.39,2430.7,1651.4,108319,204440583.4,9437
13-9-24,1887.35,1913.15,1882.1,1887.35,1902.9,1902.1,1901.98,2430.7,1651.4,117478,223440866.95,11706
16-9-24,1913.3,1917.4,1851.6,1902.1,1855.1,1856.55,1872.22,2430.7,1651.4,141288,264522384.65,12222
17-9-24,1858.95,1861.1,1818.55,1856.55,1823.75,1822,1838.15,2430.7,1651.4,159454,293100676.9,11942
18-9-24,1822,1861.35,1812.6,1822,1838.6,1834.45,1834.17,2430.7,1651.4,300065,550369193.7,15756
19-9-24,1839.95,1844.25,1794.25,1834.45,1824,1822.25,1819.38,2430.7,1651.4,265606,483238340.15,18984
20-9-24,1829,1853.45,1819.8,1822.25,1835,1835.9,1828.76,2430.7,1651.4,478981,875938949.25,15806
23-9-24,1840,1905,1837.15,1835.9,1902.5,1900.1,1884,2430.7,1651.4,365788,689142954.05,23876
24-9-24,1905.05,1933.85,1895.25,1900.1,1923,1929.7,1924.28,2430.7,1651.4,523938,1008201267.8,29116
25-9-24,1930,1938.8,1904.5,1929.7,1915.95,1910.35,1917.51,2430.7,1651.4,290182,556427984.1,21932
26-9-24,1918.45,1925,1904.5,1910.35,1918.5,1915.75,1914.87,2430.7,1651.4,215198,412077024.8,16597
27-9-24,1934,1982.95,1888.05,1915.75,1900,1894.75,1935.86,2430.7,1651.4,1532944,2967559821.7,72890
30-9-24,1904.95,1954.4,1889.45,1894.75,1931,1933.2,1934.22,2430.7,1651.4,450470,871308744,44609
1-10-24,1930,1968.45,1930,1933.2,1958,1956.55,1956.94,2430.7,1651.4,436878,854943001.15,30669
3-10-24,1932.15,1973.4,1932.1,1956.55,1952,1950,1951.81,2430.7,1651.4,655833,1280063883.8,50176
4-10-24,1958,1982,1912.55,1950,1928.9,1937.5,1960.5,2430.7,1651.4,409736,803288821.55,28956
7-10-24,1939,1955.35,1843.55,1937.5,1869.95,1853.7,1888.86,2430.7,1651.4,196588,371326880,27258
8-10-24,1862,1914.5,1853.75,1853.7,1905,1879.95,1883.03,2430.7,1651.4,134972,254156096.55,10618
9-10-24,1887.95,1900,1831.25,1879.95,1843.95,1840.75,1860.58,2430.7,1651.4,280596,522071545.25,27154
10-10-24,1840.75,1864.95,1835.05,1840.75,1849.95,1848.35,1850.88,2430.7,1651.4,145167,268686322.5,16799
11-10-24,1849,1879.05,1827.25,1848.35,1870.15,1872.95,1853.37,2430.7,1651.4,166336,308282090.1,14205
14-10-24,1881,1918.4,1869.4,1872.95,1884,1889.3,1890.17,2430.7,1651.4,188989,357221862.35,22456
15-10-24,1898,1898,1853.7,1889.3,1880,1885.95,1877.47,2430.7,1651.4,104971,197079943.55,11567
16-10-24,1879.9,1892.45,1848.45,1885.95,1868,1867.25,1864.84,2430.7,1651.4,88911,165804951.55,10622
17-10-24,1867.25,1869,1822.85,1867.25,1832.5,1835,1838.45,2430.7,1651.4,133432,245308515.2,13840
18-10-24,1838.75,1859.8,1815,1835,1840,1852.15,1842.69,2430.7,1651.4,101253,186577733.3,10736
21-10-24,1782.1,1856,1760.8,1852.15,1841.8,1830.8,1816.63,2430.7,1651.4,1093603,1986675422,63789
22-10-24,1815.2,1837.35,1792.35,1830.8,1795,1804.45,1810.56,2430.7,1651.4,791489,1433042208.95,45171
23-10-24,1807,1829.9,1757,1804.45,1758.75,1760.85,1791.2,2430.7,1651.4,266266,476936486.6,20649
24-10-24,1762.3,1834.4,1751,1760.85,1807.65,1812.95,1814.36,2430.7,1651.4,288260,523006868.25,28782
25-10-24,1790,1839,1762.05,1812.95,1775.1,1771.45,1780.44,2430.7,1651.4,181265,322731499.45,20943
28-10-24,1765.9,1817.55,1765.9,1771.45,1795.45,1796.3,1799.85,2430.7,1651.4,121298,218318662.2,10456
29-10-24,1797.95,1804.5,1772.05,1796.3,1790,1796.8,1786.63,2430.7,1651.4,144804,258710747.15,10788
30-10-24,1793.25,1854.55,1787,1796.8,1831.35,1840.25,1833.33,2430.7,1651.4,257717,472479984.6,17916
31-10-24,1836.85,1863.9,1818.15,1840.25,1838,1833.2,1837.55,2430.7,1651.4,787165,1446452450.45,27103
1-11-24,1854.25,1854.25,1833.2,1833.2,1840,1838.2,1841.02,2430.7,1651.4,10439,19218421.45,1288
4-11-24,1838,1840.45,1771.3,1838.2,1791,1789.75,1792.09,2430.7,1651.4,143783,257672029,13860
5-11-24,1789.75,1810,1762,1789.75,1792.3,1793.6,1783.14,2430.7,1651.4,116159,207128080,13605
6-11-24,1799.75,1827.75,1766.45,1793.6,1815.4,1817.55,1818.3,2430.7,1651.4,163020,296418705.15,7813
7-11-24,1818,1823.55,1790.1,1817.55,1795,1798.25,1799.49,2430.7,1651.4,125279,225438824.05,9727
8-11-24,1800,1804.45,1759.85,1798.25,1760,1768.05,1778.94,2430.7,1651.4,63085,112224658.5,6814
11-11-24,1762,1782.1,1742.85,1768.05,1752.5,1755.35,1759.79,2430.7,1651.4,182117,320486840.3,14877
12-11-24,1760,1793.9,1752,1755.35,1787.95,1786.7,1777.25,2430.7,1651.4,79048,140487737.8,12026
13-11-24,1782,1788.25,1734.7,1786.7,1739.5,1737.6,1763.6,2430.7,1651.4,195661,345067987.35,24055
14-11-24,1736.1,1746.05,1676.55,1737.6,1715,1713.8,1705.35,2430.7,1651.4,491072,837447631.5,22729
18-11-24,1709.95,1730,1680.2,1713.8,1697.4,1686.35,1700.38,2430.7,1651.4,208120,353882890.5,13624
19-11-24,1700.65,1770,1698.55,1686.35,1737.15,1745.25,1735.5,2430.7,1651.4,400400,694896162.8,25552
21-11-24,1725,1782.75,1705.05,1745.25,1767,1771.6,1752.07,2430.7,1651.4,156031,273376789.45,17763