date,Open,HIgh,Low,PREV_CLOSE,LTP,Close,VWAP,52W_H,52W_L,VOLUME ,VALUE ,Trades
3-1-22,7600,7750,7570.05,7591.05,7712,7723.9,7652.56,8269,5245.05,250533,1917219754.9,25449
4-1-22,7749,7772.85,7611.7,7723.9,7653,7650.35,7664.76,8269,5245.05,315188,2415840501.5,39784
5-1-22,7650.5,7769,7595,7650.35,7649.25,7659.55,7658.14,8269,5245.05,400874,3069947506.25,48598
6-1-22,7639.55,7699.95,7425.05,7659.55,7455,7458.55,7521.42,8269,5245.05,403448,3034503448.7,61501
7-1-22,7465.1,7580,7439.05,7458.55,7546.15,7557.95,7515.17,8269,5245.05,543512,4084582972.55,53218
10-1-22,7590,7617.6,7522.3,7557.95,7580.45,7585.15,7566.06,8269,5260,213126,1612524473.45,28702
11-1-22,7609.7,7679.4,7561.2,7585.15,7608.75,7606.3,7615.03,8269,5260,234296,1784172174.2,36514
12-1-22,7663.8,7729,7609.9,7606.3,7649.15,7658.7,7665.27,8269,5260,297378,2279481183.1,36939
13-1-22,7681,7719.6,7553.85,7658.7,7609.95,7606.8,7635.09,8269,5260,274893,2098831907.5,39641
14-1-22,7634,7700,7566.9,7606.8,7640,7660.55,7643.07,8269,5260,250253,1912700308.3,37985
17-1-22,7635,7946,7500.1,7660.55,7870,7870.1,7751.5,8269,5260,1216949,9433179841.15,117828
18-1-22,7807,7894,7520,7870.1,7570,7555.9,7672.27,8269,5260,565178,4336198635.55,69630
19-1-22,7599.9,7599.9,7353,7555.9,7456.75,7434.4,7423.45,8269,5260,439305,3261158359.3,75279
20-1-22,7470,7559.55,7395,7434.4,7478,7465.5,7482.37,8269,5260,249483,1866725011.55,42518
21-1-22,7430,7454.65,7311,7465.5,7359,7357.65,7382.53,8269,5260,207851,1534466672.8,32482
24-1-22,7360,7365,7088.65,7357.65,7125,7156,7188.83,8269,5260,319304,2295422331.55,53806
25-1-22,7120,7153.9,7000,7156,7081,7098.35,7095.79,8269,5260,467078,3314288190.95,69699
27-1-22,7140,7150.3,6950,7098.35,7109.95,7100.7,7056.37,8269,5260,418032,2949786647.6,59588
28-1-22,7120.9,7266.4,7094,7100.7,7097,7109.85,7167.58,8269,5260,511605,3666969531.1,61133
31-1-22,7188.9,7279.55,7167.6,7109.85,7218,7216.4,7230.27,8269,5260,250406,1810503556.3,32114
1-2-22,7263.2,7535.5,7235.2,7216.4,7535,7516.25,7410.3,8269,5260,731348,5419504919.65,77051
2-2-22,7572.7,7575,7425,7516.25,7440,7441,7477.07,8269,5260,324627,2427258817.45,38616
3-2-22,7461,7485,7351,7441,7354,7375.35,7428.4,8269,5260,167162,1241745585.55,30730
4-2-22,7389,7529.9,7380.15,7375.35,7425,7439.65,7463.29,8269,5260,462491,3451706105.55,46366
7-2-22,7439.65,7518.95,7362.5,7439.65,7475.95,7469.35,7454.56,8269,5970.2,391483,2918333085.55,37806
8-2-22,7475.95,7499,7355.8,7469.35,7402.25,7421.35,7417.43,8269,5970.2,270604,2007185545.4,36730
9-2-22,7436,7547.9,7421.45,7421.35,7507,7504.05,7505.15,8269,5970.2,253643,1903627540.15,31572
10-2-22,7514.7,7548.95,7460.3,7504.05,7469,7474.5,7502.03,8269,5970.2,284223,2132248596.25,44290
11-2-22,7460.1,7460.1,7294.1,7474.5,7310.1,7323.6,7342.57,8269,5970.2,265177,1947080109.25,35444
14-2-22,7242.5,7242.5,7050,7323.6,7079.95,7089.1,7120.72,8269,5970.2,266661,1898817642.9,43063
15-2-22,7100,7318.45,7031.05,7089.1,7285.7,7290.3,7182.97,8269,5970.2,255775,1837224975.6,42627
16-2-22,7285,7320,7166.95,7290.3,7180.7,7178.9,7221.67,8269,5970.2,322839,2331435818.4,33941
17-2-22,7145,7225,7030,7178.9,7039.9,7045.95,7095.01,8269,5970.2,499955,3547187575.55,58621
18-2-22,7049,7064.85,6900,7045.95,6903,6916.6,6958.21,8269,5970.2,510600,3552864215.4,80714
21-2-22,6900,6912.55,6791,6916.6,6810,6813.45,6845.73,8269,5970.2,424346,2904956177.4,53300
22-2-22,6713,6770,6676.15,6813.45,6762,6749.55,6722.55,8269,5970.2,359236,2414983193.8,57055
23-2-22,6780,6866,6735,6749.55,6777,6780.2,6797.03,8269,5970.2,506540,3442967258.7,64082
24-2-22,6624.9,6649.15,6396.2,6780.2,6402,6418.45,6545.44,8269,5970.2,610393,3995289364.5,84655
25-2-22,6550,6656.65,6520,6418.45,6560,6570.25,6583.16,8269,5970.2,376464,2478321236.05,51046
28-2-22,6538,6602,6440.15,6570.25,6570,6567.9,6560.96,8269,5970.2,557289,3656351350.15,55003
2-3-22,6539,6539,6342,6567.9,6414.95,6399.35,6401.57,8269,5970.2,686927,4397408879.35,108727
3-3-22,6416,6437.15,5964.85,6399.35,5970,5980.7,6145.2,8269,5964.85,2406110,14786028648.05,209691
4-3-22,5949.75,6170,5850.8,5980.7,6041.9,6050.3,6004.28,8269,5850.8,1336552,8025037810.4,134801
7-3-22,5929.3,5929.3,5684.65,6050.3,5689.9,5698.1,5755.44,8269,5684.65,1280108,7367579213.4,143200
8-3-22,5631,5875,5629.2,5698.1,5839,5833.45,5739.79,8269,5629.2,955847,5486364517.3,112360
9-3-22,5890,6058.75,5821.2,5833.45,6025,6017.35,5949.66,8269,5629.2,813790,4841771457.55,83641
10-3-22,6202,6261.2,6004.55,6017.35,6038,6052.55,6145.33,8269,5629.2,967482,5945491587.85,124903
11-3-22,6043,6119.95,5980,6052.55,6020,6021,6039.22,8269,5629.2,533023,3219044987.85,48219
14-3-22,6050,6067.9,5956.05,6021,6052,6035.9,6022.66,8269,5629.2,466938,2812211093.1,38952
15-3-22,6095.85,6172,5972.05,6035.9,6016,6021.25,6102.4,8269,5629.2,819263,4999467662.45,74279
16-3-22,6130,6317.2,6080,6021.25,6300,6305.9,6214.45,8269,5629.2,888929,5524207633.35,79005
17-3-22,6380.35,6469.5,6340,6305.9,6378,6373.6,6420.04,8269,5629.2,979987,6291554228.9,81715
21-3-22,6370,6370,6176.05,6373.6,6188.8,6191.25,6263.26,8269,5629.2,531422,3328434069.2,54702
22-3-22,6160,6225.85,6059.1,6191.25,6220,6211.6,6140.07,8269,5629.2,1073804,6593229641.2,70235
23-3-22,6312.5,6312.5,6195.05,6211.6,6220,6234,6247.05,8269,5629.2,664235,4149508093.75,56102
24-3-22,6202,6379.55,6200,6234,6344.4,6351.85,6318.87,8269,5629.2,642226,4058145225.75,49036
25-3-22,6385,6390.65,6284.05,6351.85,6319,6312.7,6339.43,8269,5629.2,321023,2035103103.6,30055
28-3-22,6345,6394.95,6245.05,6312.7,6357.3,6359.95,6326.38,8269,5629.2,325668,2060298211.6,35671
29-3-22,6377,6548,6376,6359.95,6532.9,6526.6,6506.23,8269,5629.2,671879,4371399458.6,76222
30-3-22,6542.5,6668.8,6542.5,6526.6,6640,6642.7,6632.73,8269,5629.2,705385,4678625332.9,59800
31-3-22,6660,6699,6581,6642.7,6601,6602.3,6625.43,8269,5629.2,399272,2645348373.9,50637
1-4-22,6603,6688.85,6565.05,6602.3,6656.05,6670.55,6631.6,8269,5629.2,216837,1437975615.75,28437
4-4-22,6632,6758.45,6622,6670.55,6729.95,6743.9,6708.85,8269,5629.2,268314,1800078302.4,29146
5-4-22,6770,6816,6680.05,6743.9,6712,6726.15,6740.49,8269,5629.2,412049,2777410334.3,44721
6-4-22,6700,6792,6690,6726.15,6728.8,6736.15,6744.43,8269,5629.2,297453,2006149596.85,34549
7-4-22,6696,6796.5,6696,6736.15,6722.7,6736.65,6749.63,8269,5629.2,234000,1579413209.8,40853
8-4-22,6799,6850,6722.85,6736.65,6835,6837,6806.67,8269,5629.2,309692,2107971571.55,29731
11-4-22,6834.65,6918.5,6800,6837,6850,6858.75,6867.81,8269,5629.2,359038,2465803131.7,40488
12-4-22,6850,6858.75,6721.8,6858.75,6758,6775.55,6774.21,8269,5629.2,385829,2613686628.25,48170
13-4-22,6750,6840,6694.2,6775.55,6714,6730.05,6742.16,8269,5629.2,386535,2606081175.05,45591
18-4-22,6645.5,6689.9,6570.05,6730.05,6634.5,6639.6,6641.73,8269,5629.2,240392,1596619780.8,35863
19-4-22,6700,6764.25,6506.05,6639.6,6526.95,6585.7,6673.53,8269,5629.2,353426,2358598536.55,41112
20-4-22,6587,6827.75,6585.7,6585.7,6800,6807.15,6750.86,8269,5629.2,328054,2214645942.5,39817
21-4-22,6830,6887,6808,6807.15,6828,6846.5,6852.76,8269,5629.2,181457,1243480882.35,21377
22-4-22,6800,6809.95,6710.1,6846.5,6740.95,6744.1,6761,8269,5629.2,237385,1604959756,23937
25-4-22,6694,6713.05,6556.65,6744.1,6596.95,6595.05,6625.98,8269,5629.2,227496,1507385000.7,26462
26-4-22,6680,6694.2,6615,6595.05,6650,6660.2,6653.96,8269,5629.2,279555,1860148012.55,30369
27-4-22,6575,6629.85,6536.05,6660.2,6544.9,6548.45,6563.49,8269,5629.2,327597,2150179550.8,46040
28-4-22,6598,6635,6551.05,6548.45,6607.65,6616.95,6596.67,8269,5629.2,243308,1605021830.65,23744
29-4-22,6617.4,6797,6520.2,6616.95,6615,6630.25,6656.33,8269,5629.2,1139560,7585287420.45,90258
2-5-22,6607.6,6730,6542.9,6630.25,6671.95,6679,6657.34,8269,5629.2,329548,2193912105.3,41792
4-5-22,6679,6708.6,6501,6679,6520,6521.95,6603.61,8269,5629.2,228457,1508640249.2,45984
5-5-22,6560,6595.9,6340,6521.95,6352,6355.7,6449.67,8269,5629.2,344367,2221055054.15,42220
6-5-22,6300,6300,6160,6355.7,6194,6200.2,6212.61,8269,5629.2,499910,3105746563.95,69265
9-5-22,6175,6274.9,6115,6200.2,6235,6224.6,6199.42,8269,5629.2,355285,2202562288.15,41529
10-5-22,6210.85,6423.45,6200.55,6224.6,6368,6366.45,6367.8,8269,5629.2,359456,2288945684.9,54109
11-5-22,6369.95,6436.5,6209.95,6366.45,6350.45,6340.2,6322.62,8269,5629.2,217452,1374866845.65,40240
12-5-22,6300,6300,6077.6,6340.2,6211,6185.45,6155.18,8269,5629.2,323730,1992617481.8,56709
13-5-22,6268.4,6292.8,6142.8,6185.45,6192.9,6196.55,6212.7,8269,5629.2,319217,1983198645.6,48252
16-5-22,6194.7,6194.7,5821,6196.55,6010,6012.8,6044.19,8269,5629.2,685657,4144239229.6,78204
17-5-22,6012.8,6125.85,5980.4,6012.8,6095,6107.75,6042.05,8269,5629.2,637179,3849865430.7,62913
18-5-22,6164,6279,6130.05,6107.75,6232,6233.75,6210.39,8269,5629.2,371945,2309922198.3,46318
19-5-22,6129,6176.4,6050,6233.75,6085,6072.6,6114.14,8269,5629.2,259111,1584240621.8,34448
20-5-22,6165,6165,6064.2,6072.6,6129.65,6128.65,6121.69,8269,5629.2,374540,2292819366.85,35403
23-5-22,6174,6224,5900,6128.65,5922,5916.3,6050.61,8269,5629.2,528566,3198147164.1,59940
24-5-22,5947.95,5957.6,5833.65,5916.3,5870.5,5868.05,5866.11,8269,5629.2,458962,2692321694,53652
25-5-22,5894,5979,5778.25,5868.05,5801.9,5792.2,5880.11,8269,5629.2,571568,3360884406.95,56280
26-5-22,5821,5917,5706.75,5792.2,5845.05,5874.25,5798.98,8269,5629.2,512954,2974609005.35,59979
27-5-22,5905,5976.5,5886.05,5874.25,5955,5948,5924.19,8269,5629.2,290626,1721722202.65,25772
30-5-22,6000,6156.75,5965.55,5948,6110,6102.65,6096.73,8269,5629.2,330562,2015348023.25,33412
31-5-22,6110,6140,6045.05,6102.65,6085,6082.6,6083.99,8269,5629.2,431470,2625057400.3,37986
1-6-22,6080,6099.7,5950,6082.6,5982,5975.65,6009.55,8269,5629.2,268629,1614340518.05,28930
2-6-22,5966,6023.95,5906,5975.65,6000.1,6007.85,5961.18,8269,5629.2,320094,1908136428.9,37044
3-6-22,6115,6115,5610,6007.85,5677.6,5678.85,5766.59,8269,5610,2216480,12781522796.9,218708
6-6-22,5680,5735,5575,5678.85,5580,5581.35,5626.65,8269,5575,999722,5625086630.2,120050
7-6-22,5560,5576.3,5410,5581.35,5549,5555.2,5493.64,8269,5410,1203977,6614220471,106089
8-6-22,5581.95,5613.3,5500,5555.2,5527,5531.85,5560.52,8269,5410,605175,3365088870.25,66075
9-6-22,5525,5535,5445,5531.85,5475,5481.9,5481.26,8269,5410,375314,2057192835.2,42243
10-6-22,5455.9,5535.7,5409,5481.9,5502.3,5511.05,5490.94,8269,5409,493489,2709718623.7,54739
13-6-22,5431,5450,5337,5511.05,5348,5356.15,5378.69,8269,5337,441354,2373906970.85,59005
14-6-22,5350,5498,5324,5356.15,5430,5428.6,5425.15,8269,5324,610906,3314253884.2,60893
15-6-22,5440.9,5473.55,5401,5428.6,5435,5454.15,5441.02,8269,5324,286759,1560262256.85,37213
16-6-22,5480,5486,5277.05,5454.15,5277.4,5305.25,5349.2,8269,5277.05,732233,3916860159,66987
17-6-22,5300,5302.95,5157.05,5305.25,5182.45,5177.3,5218.82,8269,5157.05,819352,4276054579.15,61404
20-6-22,5179,5347.45,5161.8,5177.3,5330,5333.3,5273.79,8269,5157.05,506142,2669285791.65,45714
21-6-22,5355,5433,5262.05,5333.3,5419.5,5418.9,5388.67,8269,5157.05,292408,1575688910.15,32696
22-6-22,5400,5428,5320,5418.9,5395,5409.95,5369.92,8269,5157.05,214821,1153572463.9,24495
23-6-22,5428,5498.9,5358.05,5409.95,5414.95,5410.3,5436.85,8269,5157.05,296712,1613178308.9,38914
24-6-22,5450,5510,5435.2,5410.3,5470,5468.3,5473.55,8269,5157.05,265862,1455208615.6,31574
27-6-22,5510,5582,5488.05,5468.3,5560,5560.25,5540.46,8269,5157.05,226613,1255540170.1,25135
28-6-22,5560,5585,5480,5560.25,5572,5572.75,5548.04,8269,5157.05,278114,1542988707.65,36732
29-6-22,5542,5648,5521.1,5572.75,5615.1,5618.3,5606.83,8269,5157.05,490615,2750795706.4,51194
30-6-22,5629,5649,5535,5618.3,5548.8,5607.3,5608.08,8269,5157.05,572821,3212426117.45,74850
1-7-22,5600,5699.75,5485,5607.3,5690,5691.7,5628.36,8269,5157.05,329610,1855162273.15,33500
4-7-22,5679.9,5745,5632.1,5691.7,5700,5709.05,5688.15,8269,5157.05,165959,944000158,25723
5-7-22,5710.5,5763,5700.35,5709.05,5730,5729.95,5738.73,8269,5157.05,307970,1767356617.15,28928
6-7-22,5750,5844.9,5728.25,5729.95,5825.75,5828.05,5797.18,8269,5157.05,371948,2156249581.8,45416
7-7-22,5855,5871.95,5771.25,5828.05,5825,5838.85,5823.47,8269,5157.05,261593,1523378489.35,27812
8-7-22,5851,5958.95,5805.6,5838.85,5838,5839.1,5869.12,8269,5157.05,410980,2412092362.8,38924
11-7-22,5820,5869,5780.6,5839.1,5850,5854.25,5826.36,8269,5157.05,189671,1105090854.6,21782
12-7-22,5823.1,5836.55,5730,5854.25,5760,5778.85,5792.76,8269,5157.05,171919,995886187.35,23855
13-7-22,5782,5885,5770.35,5778.85,5782.2,5798.95,5820.01,8269,5157.05,263686,1534654007.85,30904
14-7-22,5800,5851.95,5682.25,5798.95,5729,5735.05,5755.38,8269,5157.05,285686,1644230640.75,37927
15-7-22,5720,5832,5701,5735.05,5806.9,5807.05,5786.3,8269,5157.05,255753,1479864517.9,26088
18-7-22,5832,5991,5811.4,5807.05,5987.3,5982.4,5934.03,8269,5157.05,512929,3043735836.5,53242
19-7-22,5994.9,6095.95,5982.65,5982.4,6082,6085.85,6057.3,8269,5157.05,555572,3365266436.85,51110
20-7-22,6111,6145,6077,6085.85,6090,6089,6114.16,8269,5157.05,371187,2269498104.75,45543
21-7-22,6125,6149.15,6036,6089,6130,6130.7,6094.86,8269,5157.05,328612,2002845382.55,45293
22-7-22,6131,6495,6099.05,6130.7,6431.2,6458.7,6339.26,8269,5157.05,1441549,9138353450.85,124841
25-7-22,6349,6446.8,6260.05,6458.7,6382.25,6382.9,6352.78,8269,5157.05,919050,5838519324.15,81805
26-7-22,6389.5,6462.05,6307.2,6382.9,6390,6399.65,6421.59,8269,5157.05,549442,3528289733.35,51687
27-7-22,6390.3,6551,6365.9,6399.65,6535,6535.35,6490.51,8269,5157.05,424070,2752429902.6,42769
28-7-22,6560,6560,6445,6535.35,6475,6471.25,6510.51,8269,5157.05,462464,3010874452.35,59985
29-7-22,6539.7,6577.25,6490,6471.25,6530,6544.8,6533.36,8269,5157.05,360851,2357567852.3,41169
1-8-22,6587.95,6664,6560.05,6544.8,6656,6657.65,6632.41,8269,5157.05,414339,2748067195.7,45272
2-8-22,6627.85,6694,6595,6657.65,6652.15,6651.3,6651.05,8269,5157.05,274658,1826764782.45,35977
3-8-22,6665,6695,6514.05,6651.3,6607,6602.7,6597.87,8269,5157.05,266360,1757407458.9,38440
4-8-22,6648,6685.35,6550,6602.7,6585.35,6588.05,6607.49,8269,5157.05,275815,1822445955.5,38954
5-8-22,6588.05,6799,6588.05,6588.05,6749,6775.2,6751.65,8269,5157.05,741250,5004662008.15,67924
8-8-22,6755,6775.2,6647,6775.2,6677.45,6677.85,6693.66,8269,5157.05,313912,2101219768.55,41479
10-8-22,6724.35,6742.1,6580.55,6677.85,6595,6595.65,6623.73,8269,5157.05,271291,1796958112.6,38477
11-8-22,6630.1,6654.95,6573.6,6595.65,6590,6597.1,6604.19,8269,5157.05,303393,2003665575.4,49811
12-8-22,6595,6610.15,6515,6597.1,6572,6559.3,6555.93,8269,5157.05,269932,1769656067.65,36052
16-8-22,6592.1,6679,6560.05,6559.3,6654,6656,6646.79,8269,5157.05,270299,1796621532.95,25857
17-8-22,6710,6723.75,6594.05,6656,6610,6609.85,6644.36,8269,5157.05,341063,2266145975.65,33195
18-8-22,6609.1,6710.25,6609.1,6609.85,6709,6703.95,6666.47,8269,5157.05,300992,2006553575.85,31762
19-8-22,6725,6782.9,6606,6703.95,6652,6647.55,6674.09,8269,5157.05,641293,4280048953.5,49442
22-8-22,6655,6666.85,6445.05,6647.55,6459.2,6467.5,6510.33,8269,5157.05,345960,2252314629.45,43189
23-8-22,6445,6580,6405.1,6467.5,6496,6495.4,6498.85,8269,5157.05,379309,2465070699.05,39411
24-8-22,6452.1,6533.7,6452.1,6495.4,6490,6508.35,6498.61,8269,5157.05,223101,1449847350.1,27052
25-8-22,6530,6606,6454.6,6508.35,6480,6475.05,6521.32,8269,5157.05,470687,3069502089.85,31676
26-8-22,6507.45,6570,6471,6475.05,6516.85,6517.15,6506.32,8269,5157.05,415698,2704663058.3,31387
29-8-22,6402,6580,6402,6517.15,6509.6,6506.3,6515.89,8269,5157.05,366457,2387793945.45,30440
30-8-22,6538.85,6690,6525,6506.3,6680,6677.85,6655.24,8269,5157.05,467147,3108974940.95,51059
1-9-22,6629,6760,6605,6677.85,6625,6632.5,6675.88,8269,5157.05,386222,2578371858.65,45272
2-9-22,6640,6666.65,6545,6632.5,6575,6577.5,6605.51,8269,5157.05,268505,1773611220.8,34624
5-9-22,6575,6619.85,6496.4,6577.5,6508.4,6521.95,6547.7,8269,5157.05,385312,2522906045.9,32987
6-9-22,6540,6556,6456.05,6521.95,6493.8,6495.5,6489.84,8269,5157.05,341220,2214464794.55,38548
7-9-22,6460,6798,6431,6495.5,6785,6770.8,6684.23,8269,5157.05,918604,6140160260.65,93492
8-9-22,6844,6939,6780,6770.8,6900,6919.65,6892.14,8269,5157.05,879685,6062908976.35,92063
9-9-22,6930,7029,6764.15,6919.65,6787.9,6783.65,6915.44,8269,5157.05,567059,3921461741.85,70965
12-9-22,6783.65,6900,6740,6783.65,6874,6869.6,6848.89,8269,5157.05,488043,3342554231.8,57690
13-9-22,6899,6969.6,6855,6869.6,6888.85,6896.3,6898.59,8269,5157.05,412295,2844252345,38952
14-9-22,6790,6964.4,6760.1,6896.3,6862,6875.75,6889.71,8269,5157.05,543948,3747646362.8,59626
15-9-22,6909,6925,6758.15,6875.75,6774.95,6790.05,6816.7,8269,5157.05,437578,2982839071.3,57542
16-9-22,6790.05,6818.75,6451,6790.05,6500,6481.4,6566.98,8269,5157.05,831639,5461355243.9,80014
19-9-22,6395,6511.95,6244.6,6481.4,6445.7,6459.85,6392.53,8269,5157.05,808807,5170320544.7,92952
20-9-22,6492.7,6563.35,6457.95,6459.85,6468,6484.65,6514.66,8269,5157.05,373825,2435342658.45,44635
21-9-22,6500,6532.95,6296.55,6484.65,6300,6313.75,6393.37,8269,5157.05,616165,3939372532.35,71386
22-9-22,6300,6364.85,6230,6313.75,6241,6239.4,6272.05,8269,5157.05,492098,3086461230.55,48497
23-9-22,6260,6283.95,6127.15,6239.4,6162,6139.95,6187.39,8269,5157.05,570526,3530065331.55,57138
26-9-22,6119.95,6240,6005,6139.95,6166,6177.1,6143.22,8269,5157.05,497458,3055994183.85,51146
27-9-22,6208,6273.95,6128,6177.1,6200,6192.85,6204.75,8269,5157.05,467962,2903586124.5,42074
28-9-22,6150,6277.65,6112.05,6192.85,6165.3,6172.95,6204.51,8269,5157.05,378895,2350856437.25,44020
29-9-22,6218,6262.85,6145,6172.95,6198,6175.9,6203.41,8269,5157.05,407574,2528350451.35,56894
30-9-22,6172.2,6325,6172,6175.9,6266.7,6255.1,6275.5,8269,5157.05,442887,2779335365.35,51211
3-10-22,6286.4,6355.3,6229.2,6255.1,6238,6242.55,6285.18,8269,5157.05,337932,2123963311.4,35365
4-10-22,6348.9,6381.85,6280.15,6242.55,6310,6307.55,6321.69,8269,5157.05,307268,1942452555.5,40625
6-10-22,6340,6366.85,6257.5,6307.55,6273.6,6287.25,6295.64,8269,5157.05,495617,3120227770.2,64157
7-10-22,6300,6307.2,6133.4,6287.25,6205.55,6203.5,6209.29,8269,5157.05,454883,2824500231.2,52964
10-10-22,6156.2,6173.25,6120,6203.5,6158,6149.9,6145.69,8269,5157.05,282642,1737031324.4,40933
11-10-22,6180.65,6205,6060.6,6149.9,6065,6076.75,6143.22,8269,5157.05,276525,1698752794.3,36520
12-10-22,6085,6190,6057.8,6076.75,6172,6177.7,6127.02,8269,5157.05,223353,1368488528.25,33025
13-10-22,6172,6216,6101,6177.7,6175,6181.75,6150.39,8269,5157.05,314360,1933437504.25,34450
14-10-22,6260,6260,6169,6181.75,6186.2,6192,6200.83,8269,5157.05,249291,1545810669,24049
17-10-22,6170,6281.8,6082.2,6192,6266,6271.5,6161.82,8269,5157.05,453912,2796924799.75,55405
18-10-22,6305,6444,6290.25,6271.5,6345.8,6346.75,6370.93,8269,5157.05,558284,3556790310.6,52444
19-10-22,6348.1,6446,6250.1,6346.75,6410,6398.4,6373.27,8269,5157.05,919146,5857967644.2,72240
20-10-22,6340,6413,6277,6398.4,6300.65,6302.3,6325.24,8269,5157.05,476962,3016900378.25,56294
21-10-22,6315.6,6421,6315.6,6302.3,6372,6362.9,6382.94,8269,5157.05,307899,1965300468.4,36355
24-10-22,6440,6444,6370.35,6362.9,6399.9,6394.6,6414.71,8269,5157.05,56532,362636416.8,6728
25-10-22,6420,6474,6387.2,6394.6,6409,6415.7,6435.22,8269,5157.05,313500,2017441430.25,40973
27-10-22,6474,6474,6372,6415.7,6442,6436.8,6423.39,8269,5157.05,248556,1596571471.55,35607
28-10-22,6442,6470,6406.5,6436.8,6443,6445.85,6432.99,8269,5157.05,151834,976747026.8,25716
31-10-22,6478.1,6730.9,6454.75,6445.85,6709,6714.95,6635.7,8269,5157.05,538107,3570715018.5,60119
1-11-22,6743.95,6850,6718.2,6714.95,6846,6820.9,6782.4,8269,5157.05,429855,2915447374.45,61198
2-11-22,6825.05,6875,6725.05,6820.9,6760,6779.9,6801.18,8269,5157.05,255634,1738612583,31829
3-11-22,6730.05,6784,6670.05,6779.9,6727,6728.25,6723.1,8269,5157.05,217701,1463624726.65,35038
4-11-22,6759,6960,6735.8,6728.25,6894.55,6893.05,6880.65,8269,5157.05,646411,4447729244.55,86365
7-11-22,6925,7018,6868,6893.05,6985,6973.5,6956.24,8269,5157.05,353341,2457924224,50344
9-11-22,7000,7060,6858,6973.5,6898.05,6903.5,6958.29,8269,5157.05,312745,2176171884.75,41265
10-11-22,6895,6895,6790,6903.5,6800,6801.3,6825.34,8269,5157.05,330402,2255107630,37312
11-11-22,6839.95,6927.8,6787.45,6801.3,6839.4,6813.2,6852.16,8269,5157.05,293195,2009018952,35800
14-11-22,6845,6897.5,6819.4,6813.2,6849.95,6854.4,6855.57,8172.55,5157.05,484476,3321358475.85,31270
15-11-22,6880,7000,6867.05,6854.4,6974,6964.55,6967.16,8172.55,5157.05,625270,4356354500.65,65902
16-11-22,6986.95,7035,6868.8,6964.55,6910,6912,6959.66,8172.55,5157.05,307352,2139066845.5,30866
17-11-22,6933,6959.6,6850.1,6912,6866,6871.85,6907.41,8172.55,5157.05,196795,1359344417.6,21733
18-11-22,6900,6939.1,6762,6871.85,6815,6814.45,6817.21,8172.55,5157.05,296995,2024677802.45,25522
21-11-22,6809.8,6875.85,6740.55,6814.45,6750,6754.85,6772.49,7946,5157.05,249498,1689721562.85,27020
22-11-22,6755.1,6917,6740.55,6754.85,6855,6843.05,6848.49,7946,5157.05,393509,2694940571.45,45296
23-11-22,6877.2,6904.5,6801.35,6843.05,6814.5,6824.05,6839.49,7946,5157.05,258946,1771058743.8,28110
24-11-22,6844.9,6890,6831,6824.05,6889.4,6860.2,6855.92,7946,5157.05,297230,2037783651.35,27089
25-11-22,6904,6943,6850,6860.2,6862,6874,6884.96,7946,5157.05,377893,2601776830.65,36787
28-11-22,6874,6924.9,6863,6874,6897,6892.3,6895.53,7946,5157.05,239438,1651052358.05,19684
29-11-22,6900,7005,6895,6892.3,6920,6928.9,6946.3,7946,5157.05,336266,2335803151.25,39184
30-11-22,6948,7095,6905.05,6928.9,7080.05,7077,7018.71,7946,5157.05,489956,3438858841.45,52532
1-12-22,7100,7299,7035.05,7077,7278,7274,7200.45,7946,5157.05,1086727,7824925222.25,93973
2-12-22,7275,7299,7159,7274,7230,7237.05,7238.45,7946,5157.05,442739,3204745117.35,54943
5-12-22,7260,7285,7157.5,7237.05,7188,7198.6,7198.92,7946,5157.05,235887,1698132095.15,30509
6-12-22,7185.05,7273.7,7140,7198.6,7263,7242.05,7192.98,7946,5157.05,312838,2250238529.2,48506
7-12-22,7255,7294.9,7146,7242.05,7165,7162.2,7207.31,7946,5157.05,324940,2341944468.65,41840
8-12-22,7199,7219.6,7154,7162.2,7176.15,7179.05,7187.9,7946,5157.05,262827,1889173450.45,33498
9-12-22,7201.2,7223.1,7040,7179.05,7062,7077.4,7116.58,7946,5157.05,211582,1505739553.3,34770
12-12-22,7089,7163.95,6970.15,7077.4,7155.9,7146.85,7103,7946,5157.05,260579,1850893298.4,34822
13-12-22,7179.95,7243,7155.2,7146.85,7206,7225.3,7215,7946,5157.05,285708,2061383065.6,33653
14-12-22,7245.9,7278.95,7175,7225.3,7180,7197.55,7221.3,7946,5157.05,226179,1633307525,24849
15-12-22,7197.55,7217.55,7088,7197.55,7091,7113.9,7148.71,7946,5157.05,241610,1727200541.95,35581
16-12-22,7108.05,7164.8,6993.15,7113.9,7017.95,7014.1,7055.08,7946,5157.05,285180,2011967352.8,41048
19-12-22,7042.8,7114.4,7010,7014.1,7091.95,7076,7080.12,7946,5157.05,251219,1778660788.75,28316
20-12-22,7090,7125.05,7005.6,7076,7115,7098,7055.65,7946,5157.05,488123,3444027401.8,38176
21-12-22,7130.5,7153.3,6926,7098,6928,6950.7,7012.94,7946,5157.05,388167,2722190967.85,37081
22-12-22,6981,7092,6860,6950.7,7000.1,7012.4,6950.81,7946,5157.05,338708,2354294251.1,42128
23-12-22,6970.95,6985,6875.1,7012.4,6903,6909.4,6917.7,7946,5157.05,289661,2003789131.2,43568
26-12-22,6911,7104.9,6864.35,6909.4,7050,7074,7054.92,7946,5157.05,328414,2316935330.6,39162
27-12-22,7100,7165.95,7041,7074,7103.1,7107.2,7093.52,7946,5157.05,295144,2093609023.75,34813
28-12-22,7106.4,7157.5,7026.3,7107.2,7035,7053.8,7086,7946,5157.05,260015,1842467488.1,23305
29-12-22,7030.05,7035.4,6905,7053.8,6995,6982.2,6947.2,7946,5157.05,449116,3120097837.75,46702
30-12-22,7000,7053.05,6950.25,6982.2,6960,6959.05,6991.57,7946,5157.05,232317,1624261699.15,27302
2-1-23,6979.9,7039.95,6950.1,6959.05,7000,7017.95,7006.66,7946,5157.05,212580,1489476645.3,25791
3-1-23,7029.95,7039,6960.05,7017.95,6992,6993.6,6995.84,7946,5157.05,188315,1317421348.1,25506
4-1-23,7000,7062,6983.85,6993.6,6994.7,7005.35,7024.96,7946,5157.05,319221,2242515754.1,46567
5-1-23,7014.95,7042.2,6945,7005.35,7003,7007,6998,7946,5157.05,236570,1655517697.5,34372
6-1-23,7007,7029.9,6951,7007,6987.7,6982.2,6990.14,7946,5157.05,160184,1119708414.4,19004
9-1-23,7040,7064,7002.9,6982.2,7028,7034.85,7033.92,7946,5157.05,298470,2099415540.25,50034
10-1-23,7049.95,7049.95,6889.15,7034.85,6914,6920.3,6946.05,7946,5157.05,263888,1832979331.7,39986
11-1-23,6948,7033,6922,6920.3,7017.45,7021.95,6986.49,7946,5157.05,295408,2063865960,35990
12-1-23,7024.95,7166.95,7024.95,7021.95,7155,7153.35,7111.38,7946,5157.05,566492,4028537365.9,69775
13-1-23,7175,7258,7138,7153.35,7244.95,7248.9,7217.15,7946,5157.05,462134,3335290512.2,57439
16-1-23,7270,7334.75,7250.25,7248.9,7270.1,7284.85,7302.4,7946,5157.05,440500,3216706678.75,49639
17-1-23,7280,7389,7262.85,7284.85,7376,7377.65,7347.34,7946,5157.05,385734,2834119875.4,46922
18-1-23,7373,7383,7270,7377.65,7279.75,7283.45,7330.02,7946,5157.05,447736,3281913658.15,48426
19-1-23,7260,7260,7186.05,7283.45,7206,7212.35,7213.09,7946,5157.05,412001,2971801392.7,49641
20-1-23,7212.35,7265,7150,7212.35,7151,7177.15,7211.9,7946,5157.05,353292,2547908277,33974
23-1-23,7125,7184.95,6830,7177.15,6860,6849.75,6955.42,7575,5157.05,998103,6942229957.75,101333
24-1-23,6882,6897.65,6782.6,6849.75,6806,6809.7,6826.26,7575,5157.05,444188,3032142909.15,56483
25-1-23,6805.95,6830.85,6672,6809.7,6695.85,6705.1,6706.41,7575,5157.05,509299,3415568121.7,66294
27-1-23,6734,6799,6604.1,6705.1,6728,6715.6,6706.42,7575,5157.05,635582,4262477558.7,80957
30-1-23,6747,6903.95,6642.55,6715.6,6875,6887.7,6819.09,7575,5157.05,699269,4768381399.5,74483
31-1-23,6925,7099,6892.55,6887.7,7083,7085.55,7023.19,7575,5157.05,593220,4166295510.4,65795
1-2-23,7085,7239,6981.6,7085.55,7119,7141.4,7137.8,7575,5157.05,648015,4625402105.85,65858
2-2-23,7100,7310,7005.05,7141.4,7169,7167.65,7197.31,7575,5157.05,647192,4658044200.1,80759
3-2-23,7184.95,7225,7131,7167.65,7172,7189.2,7176.76,7575,5157.05,364197,2613755347.05,43829
6-2-23,7156.3,7207.75,7112.8,7189.2,7135,7127.25,7143.25,7548.95,5157.05,314446,2246166955.05,48297
7-2-23,7154.95,7205,7052.15,7127.25,7085,7071.8,7116.65,7548.95,5157.05,295067,2099888983.65,42156
8-2-23,7114,7293.75,7114,7071.8,7245,7250.35,7238.44,7548.95,5157.05,559696,4051324012.2,62890
9-2-23,7250,7250,7160,7250.35,7175,7179.75,7206.34,7548.95,5157.05,334529,2410728396.15,35079
10-2-23,7175,7226.9,7147.05,7179.75,7209.8,7206.05,7181.57,7548.95,5157.05,407822,2928803292.9,37170
13-2-23,7215,7250,7155,7206.05,7190.6,7179.25,7185.92,7389,5157.05,323236,2322747096.45,41903
14-2-23,7215.15,7229.9,7125.55,7179.25,7131,7139.2,7180.91,7389,5157.05,328419,2358348695.8,25218
15-2-23,7138,7177,7047.65,7139.2,7153.05,7151.85,7106.02,7389,5157.05,404971,2877731046.35,28992
16-2-23,7187.65,7193.8,7108,7151.85,7159.55,7171.75,7148.18,7389,5157.05,264069,1887613356.05,31269
17-2-23,7176,7393.3,7176,7171.75,7309.1,7297.85,7329.49,7393.3,5157.05,1063293,7793391050.85,94075
20-2-23,7301,7492,7301,7297.85,7416.05,7426.85,7398.49,7492,5157.05,713498,5278805591.85,63717
21-2-23,7444.8,7485,7321,7426.85,7336.85,7340.55,7420.17,7492,5157.05,399493,2964305015.8,49049
22-2-23,7327,7331.85,7192,7340.55,7222.7,7205.75,7241.77,7492,5157.05,402548,2915158455,43639
23-2-23,7241.8,7266,7142.1,7205.75,7192,7176.95,7202.77,7492,5157.05,286748,2065381128.15,36519
24-2-23,7212.85,7241.8,7165.9,7176.95,7224,7216.7,7204.69,7492,5157.05,206602,1488502563.2,19930
27-2-23,7220,7235,7136.45,7216.7,7214.9,7186.65,7193.27,7492,5157.05,295092,2122677224.85,31638
28-2-23,7182.05,7283.95,7162.2,7186.65,7259,7261.3,7230.85,7492,5157.05,429256,3103885444.05,47093
1-3-23,7227,7344,7220,7261.3,7270.35,7274.15,7283.69,7492,5157.05,317216,2310502001.9,55331
2-3-23,7274.15,7330,7252.85,7274.15,7288.9,7289.2,7295.73,7492,5157.05,180178,1314529444.1,29472
3-3-23,7330,7350,7188.25,7289.2,7220.7,7215.95,7230.04,7492,5157.05,408754,2955306494.6,57508
6-3-23,7244,7255.5,7191,7215.95,7214.95,7200.6,7207.71,7492,5157.05,154817,1115875891.75,22141
8-3-23,7214.95,7283.45,7187.3,7200.6,7270,7267.25,7232.89,7492,5157.05,237790,1719909091.15,30699
9-3-23,7267,7301.25,7207.1,7267.25,7245,7242.95,7249.42,7492,5157.05,158808,1151266432.9,21676
10-3-23,7200,7242.95,7136.4,7242.95,7221.4,7226.4,7200.81,7492,5157.05,154319,1111221700.9,25341
13-3-23,7225,7258,7054.8,7226.4,7090.75,7075.6,7134.89,7492,5157.05,176576,1259850360.9,25951
14-3-23,7080,7115,6991,7075.6,7070,7063.95,7061.59,7492,5157.05,210976,1489826823.15,30890
15-3-23,7126,7188,7082.2,7063.95,7130,7100.75,7131.6,7492,5157.05,265536,1893697784.95,45480
16-3-23,7135.6,7149.8,7076.05,7100.75,7140,7104.6,7110.22,7492,5157.05,459814,3269378723.35,61036
17-3-23,7159.15,7308.9,7159.15,7104.6,7295,7289.95,7250.14,7492,5157.05,383505,2780464230.2,46476
20-3-23,7275,7284.4,7098,7289.95,7235.8,7243.2,7193.77,7492,5157.05,520041,3741055718.3,50508
21-3-23,7243,7360,7237.1,7243.2,7350.6,7352.75,7317.65,7492,5157.05,350524,2565013696.75,36676
22-3-23,7360,7449.1,7353,7352.75,7396,7396.65,7400.68,7492,5157.05,381601,2824108775.65,60843
23-3-23,7371,7465,7358.45,7396.65,7404,7407.95,7421.21,7492,5157.05,232908,1728459915.9,39923
24-3-23,7404,7431.2,7327.55,7407.95,7380.05,7405.65,7381.14,7492,5157.05,228994,1690236340.9,33884
27-3-23,7407,7483.45,7392.45,7405.65,7450,7450.2,7450.76,7492,5157.05,251626,1874803737.25,32745
28-3-23,7484,7511.9,7368.35,7450.2,7397.3,7403.1,7425.42,7511.9,5157.05,249783,1854742662.1,32617
29-3-23,7419.8,7600,7400,7403.1,7548.7,7570.75,7521.1,7600,5157.05,445346,3349493503.95,63998
31-3-23,7575.1,7644.3,7547.05,7570.75,7606.35,7622.15,7605.44,7644.3,5157.05,378456,2878325376.3,70942
3-4-23,7670.9,7737,7580.1,7622.15,7643,7640.5,7651.7,7737,5157.05,360584,2759080518.75,61388
5-4-23,7575,7699.65,7575,7640.5,7699.65,7691.95,7662.04,7737,5157.05,233489,1789002699.05,37989
6-4-23,7690,7730,7668.85,7691.95,7700,7701.85,7706.02,7737,5157.05,227682,1754521207.3,30098
10-4-23,7701.85,7772,7668,7701.85,7700,7696.25,7720.42,7772,5157.05,226983,1752405137.8,39225
11-4-23,7715,7793.95,7715,7696.25,7740.05,7741.45,7748.05,7793.95,5157.05,354799,2748999774.65,58837
12-4-23,7750,7794,7675,7741.45,7680,7682.85,7717.33,7794,5157.05,264416,2040585545.75,41216
13-4-23,7705.05,7749,7628.45,7682.85,7662,7655.25,7664.6,7794,5157.05,292568,2242415499.6,33434
17-4-23,7655.25,7824,7645.05,7655.25,7748,7742.45,7764.99,7824,5157.05,488286,3791538029.65,47998
18-4-23,7779,7779,7570,7742.45,7595,7595.3,7671.28,7824,5157.05,437232,3354128148.9,42265
19-4-23,7605,7634,7478.5,7595.3,7516,7515.9,7533.89,7824,5157.05,341302,2571332159.6,40444
20-4-23,7572.6,7600,7445.6,7515.9,7470,7475.8,7493.34,7824,5157.05,263429,1973963524.7,40407
21-4-23,7500.05,7517.45,7339.25,7475.8,7355.95,7358.5,7374.04,7824,5157.05,388408,2864137084.05,45693
24-4-23,7350,7458,7308.55,7358.5,7451.15,7440.55,7375.66,7824,5157.05,513771,3789400802.95,40387
25-4-23,7455.9,7507.45,7425.3,7440.55,7438,7439.2,7461.59,7824,5157.05,285446,2129882013.65,28308
26-4-23,7464,7480,7300,7439.2,7442,7456.9,7443.76,7824,5157.05,230254,1713955549.25,29755
27-4-23,7459,7508,7436.9,7456.9,7505,7500.9,7481.48,7824,5157.05,205177,1535026735.5,26112
28-4-23,7512,7579,7490,7500.9,7540,7556.2,7539.07,7824,5157.05,457487,3449025739.9,50511
2-5-23,7545.5,7582,7440,7556.2,7458,7456.6,7477.49,7824,5157.05,544731,4073218656.3,59163
3-5-23,7524,7542,7434.45,7456.6,7510,7507.2,7502.13,7824,5157.05,384431,2884052841.6,33647
4-5-23,7514.7,7529,7485.05,7507.2,7505,7502.25,7501.85,7824,5157.05,232203,1741950990.5,26276
5-5-23,7520,7668.9,7505.5,7502.25,7626,7628.8,7602.15,7824,5157.05,319654,2430056256.8,39015
8-5-23,7630,7754,7620,7628.8,7733,7735.45,7712.23,7824,5157.05,295156,2276310916.05,41741
9-5-23,7758.95,7823,7687.5,7735.45,7709,7716.25,7761.76,7824,5157.05,289797,2249334799.2,37355
10-5-23,7760,7775,7722,7716.25,7742,7743.2,7746.28,7824,5157.05,234884,1819477082.4,44639
11-5-23,7790,7855.8,7750.1,7743.2,7827,7835.45,7817.63,7855.8,5157.05,320219,2503352973.85,55545
12-5-23,7839.95,7920,7691.8,7835.45,7721,7702.95,7753.52,7920,5157.05,246799,1913561358.15,39785
15-5-23,7728.9,7775,7716.5,7702.95,7744.25,7760.95,7755.14,7920,5157.05,183594,1423796900,40466
16-5-23,7770,7805.35,7685,7760.95,7697.25,7698.7,7750.02,7920,5157.05,250490,1941301758.65,29893
17-5-23,7717,7759.95,7653,7698.7,7715.95,7700.45,7701.69,7920,5157.05,205629,1583691255.35,41528
18-5-23,7744.8,7767.85,7586.5,7700.45,7610,7604.15,7652.41,7920,5157.05,157714,1206892764,23337
19-5-23,7637,7689.15,7585.1,7604.15,7680,7681.3,7645.8,7920,5157.05,138709,1060541685.55,20107
22-5-23,7655,7738,7650,7681.3,7684.75,7715.65,7703,7920,5157.05,139603,1075362456.45,26053
23-5-23,7675,7752.4,7625.3,7715.65,7648,7654.25,7689.89,7920,5157.05,149291,1148031407.6,23767
24-5-23,7650,7683.95,7590.05,7654.25,7650,7653.8,7654.24,7920,5157.05,160565,1229002972.65,30738
25-5-23,7644.3,7668.1,7594.3,7653.8,7627.7,7621.75,7621.66,7920,5157.05,257361,1961517562.4,27490
26-5-23,7670,7750,7633.9,7621.75,7717,7721.85,7712.28,7920,5157.05,252078,1944096652.65,35669
29-5-23,7750,7857.7,7735,7721.85,7849,7840.55,7815.02,7920,5157.05,210769,1647163414.35,27040
30-5-23,7865,7970,7840.6,7840.55,7895,7901.95,7922.88,7970,5157.05,414785,3286290934.45,43969
31-5-23,7895,7927.45,7779.85,7901.95,7822,7870.05,7864.59,7970,5157.05,1137662,8947244264.85,56111
1-6-23,7871,7898.8,7809.8,7870.05,7840,7842.8,7857.59,7970,5157.05,184642,1450841751.65,29538
2-6-23,7861,7947.45,7826.45,7842.8,7841,7850.65,7882.71,7970,5157.05,248325,1957475195.9,24294
5-6-23,7897,7925,7865,7850.65,7865.5,7882,7889.65,7970,5157.05,186015,1467593338.35,24602
6-6-23,7888,8120,7888,7882,8115,8109.55,8047.21,8120,5157.05,635244,5111938769.15,73615
7-6-23,8135.1,8171.9,8082.55,8109.55,8152.4,8157.6,8131.37,8171.9,5157.05,298650,2428434239.3,36848
8-6-23,8170,8213.95,8086,8157.6,8104,8100.15,8143.47,8213.95,5157.05,349085,2842763054.55,40115
9-6-23,8158,8217.7,8108.2,8100.15,8170,8153.25,8159.11,8217.7,5157.05,325814,2658351125.55,38780
12-6-23,8160.5,8205,8102.35,8153.25,8185.2,8198.6,8173.58,8217.7,5157.05,195134,1594943003.3,39762
13-6-23,8212.5,8318.3,8211.75,8198.6,8280,8276.3,8271.02,8318.3,5157.05,249199,2061129674.4,33629
14-6-23,8308.95,8366.95,8276.75,8276.3,8362.35,8358.3,8324.33,8366.95,5157.05,289643,2411083670.7,46957
15-6-23,8380,8428,8309,8358.3,8331.1,8333.2,8370.41,8428,5157.05,406197,3400034548.4,46924
16-6-23,8364.95,8432.15,8305.85,8333.2,8328,8333.25,8347.22,8432.15,5157.05,356982,2979808738.55,45896
19-6-23,8358,8415.6,8252.9,8333.25,8260,8268.6,8315.28,8432.15,5161.8,187488,1559014959.9,23541
20-6-23,8268,8291.4,8171.3,8268.6,8230.6,8243.45,8207.94,8432.15,5161.8,343189,2816875135.8,31484
21-6-23,8252.4,8352.65,8227,8243.45,8243.05,8241.55,8268.98,8432.15,5161.8,373929,3092011467.8,49739
22-6-23,8277,8279,8145.7,8241.55,8148.3,8162.75,8197.7,8432.15,5161.8,226654,1858042016.95,28496
23-6-23,8163.2,8165.05,8060,8162.75,8068.6,8080.2,8103.07,8432.15,5161.8,198255,1606475108.65,25289
26-6-23,8060,8270,8060,8080.2,8154,8167.1,8138.99,8432.15,5480,241856,1968463825.6,24990
27-6-23,8184.95,8229.1,8168.65,8167.1,8229,8208.5,8200.9,8432.15,5480,236562,1940020637.95,35046
28-6-23,8201.1,8318.8,8182,8208.5,8300,8260.65,8241.38,8432.15,5480,282115,2325017402.45,51155
30-6-23,8300,8319,8236.7,8260.65,8289,8294.75,8281.68,8432.15,5480,225746,1869557003.95,51465
3-7-23,8383,8499,8363.3,8294.75,8435.05,8463.8,8445.79,8499,5632.1,373703,3156218915.55,55843
4-7-23,8498,8498,8384,8463.8,8429.15,8411.7,8436.02,8499,5632.1,206677,1743531057.9,32190
5-7-23,8429.95,8452,8342.75,8411.7,8389.9,8377.2,8396.39,8499,5632.1,195350,1640234201.3,32522
6-7-23,8415,8479.95,8380,8377.2,8403.8,8410.2,8433.79,8499,5632.1,275687,2325085128.7,38667
7-7-23,8417.95,8447.4,8325.6,8410.2,8338,8336.45,8359.32,8499,5632.1,354695,2965008249.25,44487
10-7-23,8350,8434.45,8336,8336.45,8350,8351.35,8366.67,8499,5682.25,173234,1449391635.4,28615
11-7-23,8395.3,8443.3,8305.05,8351.35,8340,8325.9,8347.4,8499,5682.25,300378,2507373967.4,46803
12-7-23,8364,8373.35,8152.5,8325.9,8215,8220.5,8202.9,8499,5682.25,508967,4175004387.7,61411
13-7-23,8268,8350,8206.5,8220.5,8275,8234,8281.77,8499,5682.25,272841,2259607350.85,37508
14-7-23,8299,8299,8148,8234,8180,8182.55,8184.65,8499,5682.25,249245,2039982679.6,43409
17-7-23,8207,8260,8189.95,8182.55,8248.9,8251,8219.34,8499,5811.4,202735,1666347436.75,29919
18-7-23,8225,8251,8157,8251,8170,8176,8178.73,8499,5811.4,280527,2294353411.4,27313
19-7-23,8166,8356.85,8163.75,8176,8344,8329.2,8275.69,8499,5811.4,150429,1244904372.15,25763
20-7-23,8349.95,8349.95,8165,8329.2,8225,8224.15,8216.93,8499,5811.4,307197,2524217223.65,50204
21-7-23,8244,8313.5,8072,8224.15,8123,8119.2,8169.65,8499,5811.4,656733,5365281277.25,74154
24-7-23,8200,8244.15,8088.4,8119.2,8234,8219.85,8185.87,8499,6005,482809,3952210067.3,40112
25-7-23,8244.7,8415,8244.7,8219.85,8400.5,8393.3,8380.63,8499,6005,583167,4887307983.9,73466
26-7-23,8415.9,8458.6,8340,8393.3,8350,8352.35,8384.26,8499,6005,191345,1604285911.15,26838
27-7-23,8352,8390.8,8255,8352.35,8300.25,8288.25,8306.14,8499,6005,216816,1800903214.65,35492
28-7-23,8295,8341.65,8225,8288.25,8300,8306.75,8290.73,8499,6005,204996,1699566978.9,27943
31-7-23,8329,8410,8301.55,8306.75,8307,8318.15,8341.23,8499,6005,240038,2002211939.05,34403
1-8-23,8347,8368,8270.6,8318.15,8277,8281.8,8305.26,8499,6005,217562,1806908024.5,32675
2-8-23,8268,8315,8213.4,8281.8,8280.3,8287.7,8262.55,8499,6005,134414,1110602065.45,26481
3-8-23,8285.1,8285.1,8080,8287.7,8144,8136.15,8148.15,8499,6005,390602,3182682172.45,56624
4-8-23,8178,8231.85,8148.75,8136.15,8149,8158.15,8188.6,8499,6005,248048,2031164808.6,23767
7-8-23,8188.3,8250,8160,8158.15,8170,8175.45,8185.42,8499,6005,195297,1598588606.15,22866
8-8-23,8175.45,8229.95,8137,8175.45,8160,8156.85,8169.26,8499,6005,166007,1356154959.5,27884
9-8-23,8160,8173.95,8086,8156.85,8138.9,8111.25,8107.99,8499,6005,222338,1802713378.5,22649
10-8-23,8134,8205,8076,8111.25,8092,8102.2,8119.91,8499,6005,296178,2404939959.15,40895
11-8-23,8125,8155,8044.75,8102.2,8128.1,8132.95,8096.03,8499,6005,293096,2372913764.55,32556
14-8-23,8129.8,8142.55,8019.05,8132.95,8024.95,8054.3,8081.19,8499,6005,544313,4398697481.3,46005
16-8-23,8004.95,8265,7987.65,8054.3,8245,8251.9,8151.28,8499,6005,282782,2305035274.65,37949
17-8-23,8225.1,8233.1,8150.05,8251.9,8207,8207.35,8193.29,8499,6005,248724,2037868406.5,37902
18-8-23,8200,8246.4,8165.8,8207.35,8198,8214.85,8207.18,8499,6005,265260,2177037565,40871
21-8-23,8214.4,8278.95,8205.5,8214.85,8209,8219.3,8238.4,8499,6005,216794,1786035705.6,31740
22-8-23,8222.05,8267.95,8192.05,8219.3,8198.3,8203.5,8227.92,8499,6005,193112,1588910875.35,28469
23-8-23,8209.9,8234.9,8147,8203.5,8165,8161.9,8178.68,8499,6005,208545,1705623111.6,21573
24-8-23,8211,8324,8164,8161.9,8198,8211.4,8246.52,8499,6005,273837,2258202779.35,39072
25-8-23,8179,8190,8061,8211.4,8092,8071.45,8100.05,8499,6005,191154,1548356100.4,30520
28-8-23,8134.8,8150.4,8048.45,8071.45,8125,8117.65,8108.98,8499,6005,327780,2657961845.6,29341
29-8-23,8159.9,8218,8125.15,8117.65,8200,8199.7,8182.07,8499,6005,230713,1887708856.15,29176
30-8-23,8230,8314.8,8200.05,8199.7,8255.25,8265.95,8283.76,8499,6005,223225,1849142026.65,28065
31-8-23,8288.8,8360,8226,8265.95,8311.9,8297.45,8294.45,8499,6005,482614,4003018675.25,49991
1-9-23,8300,8345,8249,8297.45,8269.9,8262.4,8282,8499,6005,215635,1785890094.4,29413
4-9-23,8284.95,8594,8282.55,8262.4,8590,8582.55,8516.07,8594,6005,620108,5280883917.75,56176
5-9-23,8582,8600,8448.2,8582.55,8454.95,8454.85,8490.61,8600,6005,210587,1788013087.8,25185
6-9-23,8484.85,8556.8,8444.1,8454.85,8550,8537.4,8503.1,8600,6005,327847,2787715251.3,44875
7-9-23,8537.4,8545,8430,8537.4,8482.5,8495.15,8479.09,8600,6005,203477,1725299766.1,34231
8-9-23,8535,8550,8400,8495.15,8430,8430.55,8473.5,8600,6005,125962,1067338439.9,16629
11-9-23,8450.95,8498.65,8426.15,8430.55,8469,8461.7,8455.76,8600,6005,131688,1113522374.95,23221
12-9-23,8519.95,8609.85,8395,8461.7,8583,8571.65,8544.41,8609.85,6005,335823,2869410383.1,53348
13-9-23,8590,8685,8525.5,8571.65,8620,8636.35,8615.57,8685,6005,321018,2765753550.35,38835
14-9-23,8666,8700,8603,8636.35,8688,8687.95,8654.32,8700,6005,311971,2699897106.9,58307
15-9-23,8721,8750.95,8661.25,8687.95,8731.05,8728.35,8715.93,8750.95,6005,357249,3113758435.8,44814
18-9-23,8728,8737.6,8607,8728.35,8619,8628,8638.75,8750.95,6005,129308,1117059656.2,23592
20-9-23,8590,8623.5,8441.05,8628,8450,8458.15,8501.82,8750.95,6005,317399,2698470689.7,33814
21-9-23,8375.1,8438,8286.65,8458.15,8286.65,8313.55,8352.98,8750.95,6005,393954,3290690474.7,75457
22-9-23,8275,8310.65,8179.05,8313.55,8197,8187.4,8208.9,8750.95,6005,524827,4308254371.2,59743
25-9-23,8217,8279.95,8156.1,8187.4,8250,8206.2,8217.28,8750.95,6005,467415,3840880617,49899
26-9-23,8237,8328,8206.2,8206.2,8229,8228.9,8263.04,8750.95,6005,515796,4262044647.1,54767
27-9-23,8237,8289.95,8205,8228.9,8289.95,8262.7,8254.54,8750.95,6005,541638,4470974318.85,39406
28-9-23,8264.8,8323.95,8134,8262.7,8161.85,8154.35,8208.27,8750.95,6005,370431,3040596316.05,58467
29-9-23,8200,8285.95,8132,8154.35,8280,8254.85,8231.64,8750.95,6005,320974,2642142054.1,55804
3-10-23,8289,8377,8221.2,8254.85,8284.35,8304.9,8285.3,8750.95,6057.8,454402,3764858361,58804
4-10-23,8292.55,8292.55,8045.05,8304.9,8131,8120.85,8113.03,8750.95,6057.8,884369,7174908931.1,67802
5-10-23,8177,8208.8,8125,8120.85,8162.25,8177.45,8165.1,8750.95,6057.8,310506,2535314070,55889
6-10-23,8198,8239.65,8151.25,8177.45,8203.45,8195.45,8191.32,8750.95,6057.8,158491,1298250599,30367
9-10-23,8170.05,8199.85,8087.2,8195.45,8103.35,8110.1,8140.74,8750.95,6057.8,152525,1241665891.85,29680
10-10-23,8147.8,8186.35,8105,8110.1,8169.5,8158.3,8155.13,8750.95,6057.8,187020,1525173111.65,31747
11-10-23,8195.95,8390,8179.2,8158.3,8330,8343,8319.77,8750.95,6057.8,439622,3657555518.85,56566
12-10-23,8364.95,8385,8302,8343,8370,8351.75,8342.7,8750.95,6057.8,177704,1482530450,39234
13-10-23,8316.5,8417,8307,8351.75,8350,8369,8359,8750.95,6057.8,285076,2382950094.9,51964
16-10-23,8369.05,8455,8274,8369,8310,8292.2,8346.95,8750.95,6082.2,363990,3038205144.6,44462
17-10-23,8330,8332,8280,8292.2,8301,8301.4,8304.65,8750.95,6082.2,205234,1704396383.65,28922
18-10-23,8324.9,8349.85,8248,8301.4,8287,8278.3,8292.71,8750.95,6082.2,322136,2671380450.85,44089
19-10-23,8249.6,8538,8193.35,8278.3,8514.65,8518.55,8389.18,8750.95,6082.2,837498,7025921640.2,97324
20-10-23,8536,8648.35,8410.9,8518.55,8455,8461.05,8478.55,8750.95,6082.2,539291,4572405413.65,62537
23-10-23,8415,8523.6,8302.55,8461.05,8322.55,8325.25,8414.13,8750.95,6370.35,217546,1830460953.2,33941
25-10-23,8355,8398.5,8186.25,8325.25,8264.95,8256.35,8270.44,8750.95,6370.35,255678,2114568729.45,47236
26-10-23,8236,8236,8155.55,8256.35,8205,8205.3,8190.53,8750.95,6370.35,637430,5220888182.4,78396
27-10-23,8211,8270,8180,8205.3,8210.65,8210.15,8215.43,8750.95,6370.35,227682,1870505120.3,38914
30-10-23,8242,8416.3,8197.45,8210.15,8394,8401.6,8343.47,8750.95,6454.75,244073,2036415342.7,38480
31-10-23,8404.7,8452.1,8351.1,8401.6,8440,8422.25,8411.86,8750.95,6454.75,218908,1841422403.15,39966
1-11-23,8440,8445,8370.1,8422.25,8371,8381.45,8400.71,8750.95,6454.75,209234,1757713426.5,30256
2-11-23,8385.5,8473.2,8374.95,8381.45,8459,8459,8429.16,8750.95,6454.75,200590,1690804259.55,43969
3-11-23,8475,8530,8436,8459,8525,8522.6,8502.35,8750.95,6454.75,243686,2071904772.35,44321
6-11-23,8539,8650,8521.2,8522.6,8630,8640.95,8621.26,8750.95,6604.1,194715,1678688564.75,30008
7-11-23,8640.95,8695,8582.55,8640.95,8681,8685.75,8658.43,8750.95,6604.1,206360,1786753642.4,31476
8-11-23,8689,8719.15,8652.85,8685.75,8680,8698.85,8692.21,8750.95,6604.1,132370,1150588033.1,18204
9-11-23,8685,8719,8617.75,8698.85,8632.75,8627.05,8648.3,8750.95,6604.1,128138,1108175910.9,26304
10-11-23,8591.05,8729.95,8588.6,8627.05,8720,8710.85,8680.43,8750.95,6604.1,149939,1301535533.3,24573
12-11-23,8730,8745,8678.35,8710.85,8722.95,8711.1,8721.08,8750.95,6604.1,13691,119400334.55,3061
13-11-23,8711.1,8723.8,8660,8711.1,8678.9,8677.4,8688.14,8750.95,6604.1,64412,559620408.8,12221
15-11-23,8709,8815.75,8695.25,8677.4,8747.6,8766.9,8763.22,8815.75,6604.1,192348,1685587893.6,35959
16-11-23,8789.6,8811.7,8700,8766.9,8785,8775.05,8778.98,8815.75,6604.1,233428,2049260340.55,49047
17-11-23,8785,8869.6,8771.65,8775.05,8777.85,8790.95,8815.37,8869.6,6604.1,151817,1338323463,30737
20-11-23,8800,8815.2,8651.1,8790.95,8664.8,8661.5,8698.73,8869.6,6604.1,174311,1516283507.55,28667
21-11-23,8664.8,8737.9,8664.8,8661.5,8704,8708.35,8696.67,8869.6,6604.1,183507,1595899075,21170
22-11-23,8734,8775,8612.25,8708.35,8742,8759.9,8688.37,8869.6,6604.1,325320,2826501313.15,38696
23-11-23,8750,8767,8590,8759.9,8604.55,8605.25,8639.64,8869.6,6604.1,344271,2974377875.4,55038
24-11-23,8638,8655,8545.05,8605.25,8570,8556.2,8586,8869.6,6604.1,197278,1693828639.05,33650
28-11-23,8638,8735.5,8588.25,8556.2,8734,8726.5,8698.02,8869.6,6604.1,343335,2986335372.8,60533
29-11-23,8759.9,8790,8692,8726.5,8742.75,8732.75,8735.76,8869.6,6604.1,207727,1814652943.55,26607
30-11-23,8776.55,9019.15,8763.45,8732.75,9004,9003.65,8944.83,9019.15,6604.1,1025481,9172750660.65,98211
1-12-23,9103.8,9163.4,8972,9003.65,9040,9033.85,9029.75,9163.4,6604.1,353015,3187636778.05,47932
4-12-23,9150,9340.8,9086.15,9033.85,9295,9317.75,9240.83,9340.8,6604.1,473570,4376180863.4,50998
5-12-23,9321,9400,9243.15,9317.75,9305.95,9329.75,9320.96,9400,6604.1,448461,4180086011.85,53898
6-12-23,9329.75,9347.95,9129.55,9329.75,9220.05,9213,9206.7,9400,6604.1,308912,2844061177.2,41556
7-12-23,9266,9381,9236.15,9213,9381,9354.55,9328.64,9400,6604.1,346830,3235453418.35,53676
8-12-23,9378.3,9431.65,9341.15,9354.55,9422,9413.55,9381.38,9431.65,6604.1,311761,2924749312.95,50894
11-12-23,9414,9730,9400,9413.55,9714.1,9670.9,9570.9,9730,6604.1,588082,5628471253.2,67062
12-12-23,9702.45,9961.15,9635.05,9670.9,9874.7,9863.5,9864.15,9961.15,6604.1,1060266,10458620524.5,113830
13-12-23,9899.95,10042.95,9676.8,9863.5,9748.9,9739.15,9854.3,10042.95,6604.1,1501931,14800485556.6,105890
14-12-23,9830,9990,9777,9739.15,9968.35,9963.3,9906.42,10042.95,6604.1,710415,7037670985.25,82341
15-12-23,10000,10059.5,9900.65,9963.3,10039,10029.45,9973.25,10059.5,6604.1,439516,4383403632.95,55025
18-12-23,10028,10028,9941.75,10029.45,9970,9970.35,9972.1,10059.5,6604.1,266562,2658182291.45,36332
19-12-23,9970.35,10050,9953,9970.35,10025,10017.1,10009.1,10059.5,6604.1,675166,6757806625.7,45520
20-12-23,10027,10128,9858.15,10017.1,9898,9887.45,10029.9,10128,6604.1,501448,5029473723.5,73494
21-12-23,9881,9985,9824.85,9887.45,9960,9954.45,9911.52,10128,6604.1,216730,2148124072.1,58439
22-12-23,9987,9999,9902,9954.45,9985,9969,9947.16,10128,6604.1,226940,2257408218.25,55590
26-12-23,9975,10054.8,9970.1,9969,10020,10018.65,10016.45,10128,6604.1,226114,2264858562.5,36518
27-12-23,10100.95,10470,10037.75,10018.65,10469.95,10436.1,10353.96,10470,6604.1,658122,6814169985.7,83045
28-12-23,10492,10498.95,10328.1,10436.1,10420,10426.3,10398.26,10498.95,6604.1,421406,4381890671.95,79077
29-12-23,10420.05,10526,10361.55,10426.3,10482.35,10503.05,10446.98,10526,6604.1,243089,2539546250.55,37462
1-1-24,10503.05,10520,10414.6,10503.05,10459.5,10464,10466.4,10526,6604.1,97677,1022326313.25,21414
2-1-24,10489.9,10489.9,10104.1,10464,10205.1,10204.7,10212.57,10526,6604.1,337528,3447029535.7,62080
3-1-24,10204.75,10245,10089.6,10204.7,10113.5,10111.55,10155.84,10526,6604.1,179575,1823735749.7,43667
4-1-24,10160,10164.55,10001,10111.55,10032.95,10014.8,10051.84,10526,6604.1,313755,3153813832.55,55393
5-1-24,10100,10100,9995,10014.8,10025.9,10016.05,10031.09,10526,6604.1,163191,1636984263.1,49130
8-1-24,10078,10080,9925.05,10016.05,9934.95,9934.5,9976.51,10526,6604.1,176843,1764276406.65,35273
9-1-24,9989.6,10016.95,9870.2,9934.5,9899.6,9899.1,9936.08,10526,6604.1,242925,2413723054.6,44724
10-1-24,9898.95,9906.75,9730,9899.1,9790,9776.2,9779.81,10526,6604.1,374333,3660907447.4,69091
11-1-24,9839.9,9944.95,9719.15,9776.2,9890,9920.45,9845.4,10526,6604.1,375210,3694092834.5,76758
12-1-24,9979.95,9979.95,9794.05,9920.45,9822,9808.45,9844.19,10526,6604.1,376816,3709446888.35,72775
15-1-24,9879,9996.8,9820,9808.45,9965,9954.55,9931.17,10526,6604.1,273931,2720454905.5,65364
16-1-24,9953.95,10046.8,9880.35,9954.55,9969.95,9969.6,9976.31,10526,6604.1,146779,1464313049.7,38153
17-1-24,9959,10046.1,9825,9969.6,9860,9854.65,9898.9,10526,6604.1,252817,2502609279.3,44503
18-1-24,9854,9933.05,9770,9854.65,9894.2,9892.25,9866.62,10526,6604.1,278338,2746255362.9,62607
19-1-24,9999,10128.7,9845,9892.25,10098.75,10093.7,10001.75,10526,6604.1,567616,5677154516.4,108150
20-1-24,10200,10200,9906,10093.7,10005,9997.4,10033.95,10526,6604.1,138261,1387304005.45,25618
23-1-24,10000,10085,9815,9997.4,9842,9831,9981.48,10526,6604.1,580285,5792101088.85,89883
24-1-24,9865,10032.6,9734.6,9831,9998,9990.5,9935.02,10526,6604.1,272419,2706487335.7,53093
25-1-24,9984.6,10048.2,9881.2,9990.5,10029.4,9969.35,9951.09,10526,6604.1,296269,2948199995.7,49415
29-1-24,10000.1,10300,9989.5,9969.35,10237.6,10274.05,10202.51,10526,6642.55,334463,3412363501.4,57859
30-1-24,10289.75,10320,9942,10274.05,9955.05,9963.6,10097.01,10526,6642.55,368827,3724048878.15,51067
31-1-24,9960,10186.15,9903.15,9963.6,10145,10167.35,10110.33,10526,6642.55,341574,3453426646.05,54223
1-2-24,10169.95,10233.25,9900.05,10167.35,9929.9,9922.3,10031.37,10526,6642.55,401503,4027624799.45,90625
2-2-24,10000,10165.9,9992.3,9922.3,10073,10098.55,10074.46,10526,6642.55,334386,3368758877,80884
5-2-24,10050,10128.3,9878.45,10098.55,9914.85,9916.35,9997.61,10526,6991,162473,1624341007,30295
6-2-24,9980,10075,9920.3,9916.35,10066,10048.75,10029.44,10526,6991,250870,2516084466.9,41961
7-2-24,10114,10287.6,10080.3,10048.75,10231,10226.5,10188.83,10526,6991,250184,2549081464.1,45525
8-2-24,10290,10295,9950.5,10226.5,10017.5,9997.65,10078.37,10526,6991,320905,3234199773.85,69104
9-2-24,10074.8,10074.8,9852,9997.65,9942,9945.75,9938.38,10526,6991,400823,3983530195.85,78829
12-2-24,9951,10017.45,9906.9,9945.75,9960,9963.85,9969.02,10526,6991,191687,1910931183.15,30251
13-2-24,9997.8,10004.7,9830.6,9963.85,9860,9852.4,9907.2,10526,6991,276453,2738874045.95,46896
14-2-24,9802.05,9824.85,9703.95,9852.4,9809,9787.8,9759.59,10526,6991,417802,4077576719.5,71704
15-2-24,9835.9,9839.15,9706,9787.8,9811.8,9814.3,9766.76,10526,6991,415090,4054083993.7,90416
16-2-24,9875.05,9948,9851.1,9814.3,9895.65,9916.2,9915.85,10526,6991,250550,2484416790.85,51698
19-2-24,9948.95,9948.95,9885,9916.2,9900,9902.2,9916.06,10526,6991,109778,1088565647,26881
20-2-24,9902.2,10000,9855,9902.2,9972.25,9978.95,9935.57,10526,6991,320905,3188374281.25,46807
21-2-24,9970.25,10115,9920,9978.95,9960,9968.4,10012.41,10526,6991,322960,3233607966.9,45358
22-2-24,10000,10020.9,9802.3,9968.4,9964,9961.2,9890.47,10526,6991,363840,3598549814.5,72785
23-2-24,9961.2,10028,9894.05,9961.2,10023,10000.9,9980.24,10526,6991,304238,3036368334.45,75377
26-2-24,9999.05,10049.95,9900.95,10000.9,9938,9930.05,9937.43,10526,6991,162530,1615129686.25,35163
27-2-24,9930.05,10151,9881.45,9930.05,9919,9951.1,9955.82,10526,6991,214186,2132397060.45,41029
28-2-24,9960,9989.95,9780.9,9951.1,9782,9804.95,9890.69,10526,6991,300668,2973814992.6,40612
29-2-24,9785,9935,9705.65,9804.95,9891,9892.4,9838.38,10526,6991,328848,3235330639,61804
1-3-24,9900,10183.85,9892.4,9892.4,10107,10135.5,10082.87,10526,6991,352952,3558769732,71277
2-3-24,10140,10155,9900,10135.5,10095,10106.35,10108.04,10526,6991,6955,70301384.4,1388
4-3-24,10157,10166,9966.2,10106.35,9986,9978.4,10007.86,10526,6991,221282,2214558384.9,35491
5-3-24,9978.4,10030.9,9830,9978.4,9868.5,9838.35,9889.37,10526,6991,310715,3072776615.3,49840
6-3-24,9899.9,9914.25,9532,9838.35,9658,9641.05,9648.14,10526,6991,534825,5160068599.75,79196
7-3-24,9641.05,9715,9569.1,9641.05,9679.55,9673.15,9660.83,10526,6991,585012,5651700653.15,53907
11-3-24,9694.05,9824.6,9672.9,9673.15,9698.75,9697.9,9719.22,10526,6991,319303,3103376786.8,50395
12-3-24,9728.95,9728.95,9575.4,9697.9,9593.3,9615.5,9622.43,10526,6991,235430,2265408102,39915
13-3-24,9624.7,9653,9500,9615.5,9529,9593.55,9557.24,10526,6991,415925,3975096558.6,51361
14-3-24,9455,9708,9454,9593.55,9705,9696.95,9652,10526,6991,347822,3357178627.2,72173
15-3-24,9680,9750.9,9543.8,9696.95,9598,9632.95,9647.18,10526,6991,379648,3662533732.65,53089
18-3-24,9625,9673.8,9570,9632.95,9600.05,9611.35,9615.07,10526,7098,226448,2177313368.05,40721
19-3-24,9591.35,9607.45,9435.15,9611.35,9475,9453.25,9473.77,10526,7098,316008,2993786216.2,53957
20-3-24,9535,9535,9445,9453.25,9478,9484.55,9491.23,10526,7098,171219,1625078429.1,30700
21-3-24,9525,9639.7,9504.9,9484.55,9605.1,9600.75,9581.98,10526,7098,215837,2068146236.5,46035
22-3-24,9610,9751.8,9580,9600.75,9654.2,9681.75,9675.98,10526,7098,224511,2172364069.1,65273
26-3-24,9631.1,9689.8,9570,9681.75,9600,9600.7,9606.18,10526,7300,397803,3821367235.6,60106
27-3-24,9630,9708,9571.05,9600.7,9633.5,9623.45,9650.94,10526,7300,267937,2585844764,44767
28-3-24,9680,9853.95,9641.55,9623.45,9725,9749.15,9776.23,10526,7300,506387,4950557269.3,97431
1-4-24,9749.15,9997.05,9749.15,9749.15,9956.05,9954.4,9917.92,10526,7300,387442,3842617507.6,42415
2-4-24,9890.1,10084.2,9845,9954.4,10057,10038.15,9948.88,10526,7300,307109,3055390189.45,38726
3-4-24,10200,10277.7,9982.15,10038.15,10027.95,10001.9,10119.79,10526,7300,481855,4876270449.15,67615
4-4-24,10078,10078.9,9900,10001.9,10000.1,10005.1,9988.54,10526,7300,346378,3459810576.05,101672
5-4-24,10001,10019.85,9802.2,10005.1,9831,9823.6,9874.41,10526,7300,280079,2765615778.2,46976
8-4-24,9852.95,9899,9801,9823.6,9855,9863.75,9854.24,10526,7300,215228,2120908255.55,31713
9-4-24,9900,9993.8,9759.1,9863.75,9770,9769.15,9864.16,10526,7300,275924,2721759534.05,40466
10-4-24,9810,9858,9705.05,9769.15,9801,9817.85,9809.17,10526,7300,186223,1826692463.95,38047
12-4-24,9789.95,9850,9610,9817.85,9620,9652.55,9722.81,10526,7300,440963,4287399705.4,88338
15-4-24,9617.9,9617.9,9486.6,9652.55,9500.5,9506.25,9542.93,10526,7300,220692,2106047765.35,36116
16-4-24,9448.9,9494.95,9351,9506.25,9481,9463.8,9427.07,10526,7300,547648,5162718529.7,82992
18-4-24,9470,9526.8,9340.8,9463.8,9409.95,9382.75,9447.52,10526,7300,584270,5519899990.85,79999
19-4-24,9325,9400,9250,9382.75,9390,9363.95,9336.78,10526,7300,415558,3879974647.6,80846
22-4-24,9505,9590,9456.1,9363.95,9569.45,9565.25,9547.93,10526,7300,277781,2652232853.85,48904
23-4-24,9540,9625,9522,9565.25,9525,9533.55,9558.56,10526,7300,317450,3034363936.6,48000
24-4-24,9578,9686.8,9542.8,9533.55,9675,9658.85,9638.36,10526,7300,317929,3064313289.45,44730
25-4-24,9620.15,9706,9560.05,9658.85,9704.1,9683.75,9644.83,10526,7300,398260,3841151596,72944
26-4-24,9727,9777,9646.9,9683.75,9700.05,9700.9,9706.92,10526,7300,265782,2579925715.1,48447
29-4-24,9765,10011,9743.05,9700.9,9970.85,9964.45,9909,10526,7434.45,808505,8011476220.65,86401
30-4-24,10160.3,10180,9911.35,9964.45,9971,9971.85,10007.04,10526,7434.45,777837,7783846776.15,86754
2-5-24,9971.85,10045,9946.5,9971.85,9981.05,9983.45,9992.4,10526,7434.45,318855,3186127822.2,83684
3-5-24,9982,10030,9779.35,9983.45,9811,9816.3,9889.71,10526,7434.45,517348,5116419119.3,93360
6-5-24,9875,9929,9746.15,9816.3,9775.75,9776.9,9806.76,10526,7585.1,238521,2339117784.65,34191
7-5-24,9799,9948,9630,9776.9,9661.2,9682.4,9678.46,10526,7585.1,214305,2074141623.6,36300
8-5-24,9674.95,9674.95,9501.4,9682.4,9510,9519.4,9544.72,10526,7585.1,392065,3742150756.25,56503
9-5-24,9524,9560,9408.05,9519.4,9440,9446.1,9477.88,10526,7585.1,328724,3115605596.45,66166
10-5-24,9462.8,9518.95,9416.05,9446.1,9517,9491.7,9477.09,10526,7585.1,205200,1944699756.65,48520
13-5-24,9515.95,9578,9427.1,9491.7,9556.95,9551.5,9513.06,10526,7585.1,215387,2048989649.75,33173
14-5-24,9535.05,9699.5,9529.95,9551.5,9660,9660.65,9632.6,10526,7585.1,171935,1656181453.25,25344
15-5-24,9691,9693.15,9560,9660.65,9606.2,9614.1,9620.3,10526,7585.1,161067,1549513629.65,28130
16-5-24,9630.6,9725.7,9525.5,9614.1,9700,9709.1,9604.96,10526,7585.1,368451,3538958365.05,90156
17-5-24,9740,9900,9685.25,9709.1,9895.25,9890.35,9837.66,10526,7585.1,283850,2792419365.05,62786
18-5-24,9948,9948,9840,9890.35,9853.5,9865.6,9871.57,10526,7585.1,12290,121321656.45,2608
21-5-24,9826,9850.75,9762.05,9865.6,9808.9,9789.4,9798.14,10526,7590.05,346947,3399434567.35,39402
22-5-24,9870,9950,9822.25,9789.4,9899.85,9894.85,9899.11,10526,7590.05,280237,2774098029.95,41795
23-5-24,9905.15,10199.85,9855,9894.85,10150,10170.55,10013.45,10526,7590.05,521622,5223235555.15,76802
24-5-24,10165,10369,10122.55,10170.55,10237.95,10231.1,10252.31,10526,7590.05,519418,5325233928.45,78232
27-5-24,10277.95,10353.95,10177.65,10231.1,10198.2,10225.5,10267.62,10526,7735,389326,3997453171.1,55383
28-5-24,10264,10365.85,10146.45,10225.5,10192.15,10178.9,10262.72,10526,7735,403774,4143817491.75,75375
29-5-24,10177.95,10177.95,9961,10178.9,10031,10023.4,10026.48,10526,7735,317883,3187248922,50928
30-5-24,10021,10025,9830,10023.4,9879.95,9868.85,9886.57,10526,7735,323424,3197552925.2,62847
31-5-24,9932,10080,9750.1,9868.85,9880,9915.5,9951.88,10526,7735,791072,7872656860.3,99705
3-6-24,10300,10519.8,10216.35,9915.5,10450,10470.05,10435.53,10526,7865,732632,7645404775.1,102794
4-6-24,10475,10498.5,9534.95,10470.05,9999,9918.3,10128.19,10526,7865,972018,9844787701,171158
5-6-24,9989.95,10070,9740,9918.3,10016,10038.1,9931.22,10526,7865,361720,3592321232.75,66029
6-6-24,9995,10176.5,9931.1,10038.1,10060.05,10054.95,10038.96,10526,7865,483566,4854498687.55,100190
7-6-24,9965,10505,9965,10054.95,10435.95,10463.15,10362.61,10526,7865,545284,5650564640.3,100222
10-6-24,10495,10907.95,10463.15,10463.15,10804,10826.25,10795.2,10907.95,7987.65,705256,7613377327.9,112495
11-6-24,10903.95,10989,10826.25,10826.25,10929.8,10933.55,10927.15,10989,7987.65,650137,7104144478.85,86433
12-6-24,10871.5,11099.95,10871.5,10933.55,11038,11044.8,11009.69,11099.95,7987.65,439143,4834829952.1,70764
13-6-24,11250,11299,10996.15,11044.8,11155.25,11173.8,11127.7,11299,7987.65,602322,6702458095.45,109755
14-6-24,11170,11271,11147.3,11173.8,11250,11242.8,11218.86,11299,7987.65,305318,3425319458.75,56711
18-6-24,11250,11269.35,11051.65,11242.8,11120.1,11119.05,11124.28,11299,7987.65,322724,3590073350.3,53007
19-6-24,11150,11177.7,10968.25,11119.05,10994.05,10995.55,11021.22,11299,7987.65,659266,7265912602.2,70880
20-6-24,11008.9,11173.9,10875.4,10995.55,10938,10903.2,10993.13,11299,7987.65,445369,4895998746.35,93209
21-6-24,10882.5,10961.45,10611.55,10903.2,10638.8,10662.4,10731.59,11299,7987.65,586745,6296708866.1,110877
24-6-24,10717.5,10845,10594.65,10662.4,10780.35,10786,10742.16,11299,7987.65,276148,2966424642.1,44896
25-6-24,10801.95,11007.95,10800.4,10786,10875,10846.2,10914.82,11299,7987.65,562075,6134948636.75,63699
26-6-24,10907.7,11261,10903,10846.2,11154,11143.1,11136.81,11299,7987.65,793197,8833684957.75,112877
27-6-24,11270,11874.95,11269,11143.1,11749.85,11716.7,11629.79,11874.95,7987.65,2339734,27210612119.9,263059
28-6-24,11699.9,11779,11469.85,11716.7,11650.5,11667.9,11644.85,11874.95,7987.65,684790,7974279864.45,133792
1-7-24,11669,12031.6,11667.9,11667.9,11900,11904.65,11853.51,12031.6,7987.65,520339,6167846023.2,92867
2-7-24,11944,12078,11800,11904.65,11855,11853.95,11924.34,12078,7987.65,422173,5034132541.4,75134
3-7-24,11855.25,11899,11761.95,11853.95,11885,11872.1,11828.37,12078,7987.65,206171,2438666814.6,28306
4-7-24,11885,11936.85,11721.55,11872.1,11770.05,11760.05,11781.39,12078,7987.65,227230,2677084512.55,43045
5-7-24,11796.55,11824.55,11620.25,11760.05,11689,11690.15,11694.58,12078,7987.65,425987,4981740505.9,80348
8-7-24,11694,11714.8,11530,11690.15,11579,11582.9,11586.69,12078,7987.65,149210,1728850613.25,31744
9-7-24,11582.95,11761.7,11484.45,11582.9,11668.85,11679.8,11560.15,12078,7987.65,530901,6137296515.45,52509
10-7-24,11689,11739.8,11470,11679.8,11612.6,11634.25,11583,12078,7987.65,202406,2344468514.25,48791
11-7-24,11599,11640,11499,11634.25,11555.1,11554.95,11552.69,12078,7987.65,366819,4237747189.05,78226
12-7-24,11554,11680,11470.05,11554.95,11660.1,11602.3,11582.59,12078,7987.65,366274,4242402942.9,75698
15-7-24,11752.9,11898,11661.9,11602.3,11837.85,11833.65,11800.29,12078,7987.65,394470,4654862271.55,59475
16-7-24,11907.05,11907.05,11631.9,11833.65,11680,11658.7,11738.25,12078,7987.65,556056,6527126115.9,39951
18-7-24,11650,11683.85,11475,11658.7,11650,11647.25,11554.19,12078,7987.65,731274,8449280565.35,90966
19-7-24,11645,11645,11228.65,11647.25,11272.5,11258.3,11369.41,12078,7987.65,514154,5845625749.3,78591
22-7-24,11289.9,11570,11231.3,11258.3,11529.8,11515.7,11487.99,12078,7987.65,573833,6592190386.75,59171
23-7-24,11649.95,11735.4,11329.1,11515.7,11515,11545.8,11593.29,12078,7987.65,525157,6088296908.35,69758
24-7-24,11540,11560.75,11355.65,11545.8,11484.65,11453.4,11423.92,12078,7987.65,268139,3063197466.1,38110
25-7-24,11418,11476.8,11291,11453.4,11465,11441.5,11389.41,12078,7987.65,254683,2900689682.9,45632
26-7-24,11441.5,11742.45,11395.6,11441.5,11664.05,11673.05,11617.13,12078,7987.65,333210,3870943421.65,46472
29-7-24,11680,11940,11673.05,11673.05,11898.1,11873.8,11820.44,12078,7987.65,496437,5868105962.15,55488
30-7-24,11858,11858,11644.5,11873.8,11810,11806.45,11733.83,12078,7987.65,438108,5140686179.1,73281
31-7-24,11818.95,11915,11750.35,11806.45,11890,11887.2,11861.26,12078,7987.65,322531,3825623602.25,48052
1-8-24,11887.2,12032.3,11803.5,11887.2,11960,11984.5,11897.7,12078,7987.65,250126,2975923795.15,41337
2-8-24,11833.05,11949,11700,11984.5,11720,11764.5,11805.62,12078,7987.65,273420,3227893676,56111
5-8-24,11700,11700,11351.2,11764.5,11410.9,11417.25,11445.96,12078,7987.65,400844,4588043347.6,64034
6-8-24,11449.95,11575.8,11272.1,11417.25,11384,11325.3,11428.18,12078,7987.65,368949,4216416028.7,54926
7-8-24,11499,11589.95,11430.2,11325.3,11550,11543.2,11535.1,12078,7987.65,230210,2655496250.05,38413
8-8-24,11500,11524.2,11228.75,11543.2,11268,11258,11326.83,12078,7987.65,290349,3288732426.25,71153
9-8-24,11449,11449,11231.05,11258,11315.6,11300.35,11299.8,12078,7987.65,189230,2138261357.6,34727
12-8-24,11290,11379.8,11211.2,11300.35,11275,11302.85,11313.33,12078,7987.65,200411,2267315492.3,28479
13-8-24,11364,11364,11234.65,11302.85,11235,11271.2,11285.33,12078,7987.65,189972,2143896175.65,34056
14-8-24,11200,11200,10963.1,11271.2,11006.55,11002.6,11037.59,12078,7987.65,404673,4466614090.3,60296
16-8-24,11040,11325,10950.2,11002.6,11311.75,11295.7,11086.12,12078,7987.65,435631,4829455580.65,62925
19-8-24,11320,11468.1,11271.75,11295.7,11322,11315.35,11337.46,12078,8045.05,244264,2769332501.25,29975
20-8-24,11365,11525,11277.45,11315.35,11299.95,11349.7,11426.68,12078,8045.05,421084,4811592149.5,44262
21-8-24,11274,11312.55,11161.55,11349.7,11220,11200.9,11206.82,12078,8045.05,456794,5119210360.75,48460
22-8-24,11260,11377.4,11205,11200.9,11300,11309.4,11298.24,12078,8045.05,305457,3451126533.7,40939
23-8-24,11315,11380,11204.45,11309.4,11372.45,11341.8,11286.97,12078,8045.05,258730,2920278454.2,37389
26-8-24,11340,11360.95,11271.4,11341.8,11340.35,11337.1,11311.91,12078,8045.05,234215,2649419389.65,37227
27-8-24,11389.1,11450,11286.45,11337.1,11300,11300.35,11362.28,12078,8045.05,184428,2095522574.2,23493
28-8-24,11280,11317.6,11211,11300.35,11220,11234.8,11265.3,12078,8045.05,201101,2265463456.65,27954
29-8-24,11230,11256.7,11115.4,11234.8,11210,11222,11168.36,12078,8045.05,406261,4537270729.7,56833
30-8-24,11225.05,11360.9,11222,11222,11320,11301.9,11297.84,12078,8045.05,462185,5221694381.3,55224
2-9-24,11325,11465,11325,11301.9,11415,11424.9,11415.98,12078,8045.05,248673,2838846206.85,41643
3-9-24,11434.5,11504.05,11361,11424.9,11442,11460.8,11439.36,12078,8045.05,181723,2078794447.4,30665
4-9-24,11392,11637.45,11381.85,11460.8,11601.25,11580.45,11527.59,12078,8045.05,198185,2284595479.65,27996
5-9-24,11630.45,11822.75,11514.2,11580.45,11532,11542.65,11653.68,12078,8045.05,406821,4740961235.4,72362
6-9-24,11500,11525,11320,11542.65,11415,11432.85,11404.99,12078,8045.05,245248,2797049829.8,45167
9-9-24,11400,11518.45,11308,11432.85,11490,11494.35,11439.07,12078,8045.05,154665,1769223956.9,32775
10-9-24,11539.9,11639.45,11460.5,11494.35,11555,11541.05,11547.38,12078,8045.05,237496,2742456000.2,42957
11-9-24,11570,11611,11460.2,11541.05,11474.1,11487.45,11528.62,12078,8045.05,141341,1629467095.9,33210
12-9-24,11507.85,11735,11442.25,11487.45,11695,11710.25,11590.96,12078,8045.05,455934,5284713641.2,72819
13-9-24,11695,11762.6,11625.2,11710.25,11680,11717.95,11705.96,12078,8045.05,279660,3273688140.45,36600
16-9-24,11675,11797.95,11604,11717.95,11640,11642.65,11675.89,12078,8045.05,257856,3010697975.8,27458
17-9-24,11602.55,11718.6,11575,11642.65,11657.7,11645.65,11650.96,12078,8045.05,202725,2361939928.65,30880
18-9-24,11683,11763.3,11535.85,11645.65,11600.8,11630.9,11661.43,12078,8045.05,185067,2158146543.85,26099
19-9-24,11630.9,11740.15,11540,11630.9,11660,11627.5,11627.44,12078,8045.05,227247,2642301297.55,42374
20-9-24,11660,11843.9,11579.6,11627.5,11800,11798.3,11766.06,12078,8045.05,608787,7163025929.05,91248
23-9-24,11835,11998,11800.05,11798.3,11989.95,11962.05,11945.32,12078,8045.05,279318,3336542109.65,40813
24-9-24,11948.1,11969.85,11740.35,11962.05,11781.25,11761.65,11820.17,12078,8045.05,242038,2860930307.45,45124
25-9-24,11811,11855.6,11680,11761.65,11782.05,11816.3,11772.16,12078,8045.05,196686,2315418555.95,31883
26-9-24,11835,12080,11767.8,11816.3,12060,12065,11943.47,12080,8045.05,277079,3309283963.7,52821
27-9-24,12065,12138,11924.75,12065,11950,11952.3,11994.29,12138,8045.05,404276,4849001672.35,60113
30-9-24,11924,11924,11774.05,11952.3,11800,11802,11842.54,12138,8045.05,405493,4802066450.15,49849
1-10-24,11802,11887.7,11650.25,11802,11849.85,11837.15,11789.53,12138,8045.05,324906,3830490174.05,38912
3-10-24,11627.1,11930,11613.1,11837.15,11756.8,11724.8,11785.7,12138,8045.05,304610,3590040976.25,60798
4-10-24,11700,11829.15,11380,11724.8,11475,11450.25,11595.84,12138,8045.05,357277,4142926761.9,74828
7-10-24,11491.95,11529.95,11192.1,11450.25,11230,11230.35,11309.55,12138,8087.2,374655,4237179491.75,57338
8-10-24,11231,11475,11231,11230.35,11370,11389.8,11396.14,12138,8087.2,447220,5096583066.4,58184
9-10-24,11404.05,11511,11333,11389.8,11390.9,11350.15,11412.01,12138,8087.2,286382,3268192887.85,42423
10-10-24,11439.95,11459,11353.55,11350.15,11417.5,11430.05,11406.37,12138,8087.2,180542,2059329206.9,47737
11-10-24,11390.75,11468.3,11360.2,11430.05,11423.2,11421.3,11422.03,12138,8087.2,120279,1373830264.4,27035
14-10-24,11399.95,11429.95,11240,11421.3,11333,11300.3,11294.45,12138,8155.55,144163,1628241576.6,25459
15-10-24,11400,11432.95,11290,11300.3,11425,11416.9,11373.36,12138,8155.55,182286,2073204383.05,28590
16-10-24,11341,11412,11233,11416.9,11300,11322.3,11323.88,12138,8155.55,276811,3134573925.6,45195
17-10-24,11351,11363.95,10934.05,11322.3,11035,11017.3,11063.88,12138,8155.55,353330,3909201710.95,42216
18-10-24,11017.3,11139.95,10901,11017.3,11084,11069.3,11058.52,12138,8155.55,330703,3657085290.85,59794
21-10-24,11050,11166.65,10771.4,11069.3,10839,10869.3,10920.99,12138,8155.55,566667,6188562542.5,95567
22-10-24,10751,11080.8,10740,10869.3,10803.4,10825.15,10886.01,12138,8155.55,793887,8642264678.7,120539
23-10-24,10821.95,10843.65,10672,10825.15,10750,10753.05,10775.13,12138,8155.55,351717,3789797255.8,67149
24-10-24,10753.05,11085,10718.4,10753.05,11039,11043.6,10986.75,12138,8155.55,341400,3750875558.7,70663
25-10-24,11063.7,11115,10950,11043.6,10980.95,10995.2,11027.08,12138,8155.55,519646,5730178271.5,75067
28-10-24,11000,11199.35,10899.6,10995.2,11099,11092.6,11080.97,12138,8197.45,229113,2538793645.2,42543
29-10-24,11074,11136.95,10917.05,11092.6,11092.35,11112.1,11030.73,12138,8197.45,266761,2942567973.2,40621
30-10-24,11115,11230,11011.4,11112.1,11199.1,11205.1,11159.72,12138,8197.45,239933,2677585459.45,38846
31-10-24,11156.8,11250.9,11042.55,11205.1,11076.9,11065.65,11109.96,12138,8197.45,423687,4707146468.9,60372
1-11-24,11079.95,11171.3,11078.55,11065.65,11111,11145.8,11141.93,12138,8197.45,19032,212053222,4701
4-11-24,11147,11156.75,10930.05,11145.8,11013,11001.85,11016.71,12138,8521.2,276984,3051452394.4,48403
5-11-24,10983.65,11188.05,10973.25,11001.85,11185,11176.35,11098.28,12138,8521.2,274422,3045613485.8,45639
6-11-24,11225,11306.9,11112,11176.35,11241.55,11274.4,11213.74,12138,8521.2,282486,3167724530.9,42856
7-11-24,11241.55,11244.95,11001.1,11274.4,11065.6,11050.8,11073.84,12138,8521.2,326254,3612883044.9,59279
8-11-24,11029.1,11139.35,10960.7,11050.8,11015,11043.35,11020.53,12138,8521.2,155894,1718035273.2,44645
11-11-24,11015,11109.95,10896.05,11043.35,10961.35,10970.45,11003.68,12138,8545.05,107472,1182587670.05,26170
12-11-24,10970.5,11074.75,10840,10970.45,10840,10892,10934.98,12138,8545.05,166347,1819000991.8,42676
13-11-24,10803.3,10873.5,10750,10892,10800,10782.2,10803.96,12138,8545.05,216900,2343378112.3,41763
14-11-24,10726,10832.5,10542.5,10782.2,10720.3,10728.5,10716.27,12138,8545.05,297442,3187467831.3,61004
18-11-24,10632.1,10766.85,10580.4,10728.5,10673.75,10630.9,10641.04,12138,8545.05,424186,4513781570.7,60094
19-11-24,10684.05,10870,10657.9,10630.9,10741,10769.55,10790.68,12138,8545.05,220357,2377801160.85,40298
21-11-24,10555,11005.85,10555,10769.55,10952.65,10954.85,10862.41,12138,8545.05,256924,2790814082.1,66891